RCD;2014-11-12;2360
RCD;2014-10-29;2361
RCD;2014-10-31;2362
RCD;2014-11-04;2363
RCD;2014-11-04;2364
RCD;2014-11-04;2365
RCD;2014-11-04;2366
RCD;2014-11-04;2367
RCD;2014-11-04;2368
RCD;2014-11-04;2369
RCD;2014-11-04;2370
RCD;2014-11-04;2371
RCD;2014-11-04;2372
RCD;2014-11-04;2373
RCD;2014-11-07;2374
RCD;2014-11-07;2375
RCD;2014-11-07;2376
RCD;2014-11-07;2377
RCD;2014-11-07;2378
RCD;2014-11-07;2379
RCD;2014-11-07;2380
RCD;2014-11-07;2381
RCD;2014-11-07;2382
RCD;2014-11-07;2383
RCD;2014-11-07;2384
RCD;2014-11-07;2385
RCD;2014-11-07;2386
RCD;2014-11-07;2387
RCD;2014-11-07;2388
RCD;2014-11-07;2389
RCD;2014-11-07;2390
RCD;2014-11-07;2391
RCD;2014-11-07;2392
RCD;2014-11-07;2393
RCD;2014-11-07;2394
RCD;2014-11-07;2395
RCD;2014-11-07;2396
RCD;2014-11-07;2397
RCD;2014-11-07;2398
RCD;2014-11-07;2399
RCD;2014-11-07;2400
RCD;2014-11-07;2401
RCD;2014-11-07;2402
RCD;2014-11-07;2403
RCD;2014-11-07;2404
RCD;2014-11-07;2405
RCD;2014-11-07;2406
RCD;2014-11-07;2407
RCD;2014-11-07;2408
RCD;2014-11-07;2409
RCD;2014-11-07;2410
RCD;2014-11-07;2411
RCD;2014-11-07;2412
RCD;2014-11-07;2413
RCD;2014-11-07;2414
RCD;2014-11-07;2415
RCD;2014-11-07;2416
RCD;2014-11-07;2417
RCD;2014-11-07;2418
RCD;2014-11-07;2419
RCD;2014-11-07;2420
RCD;2014-11-07;2421
RCD;2014-11-07;2422
RCD;2014-11-07;2423
RCD;2014-11-07;2424
RCD;2014-11-07;2425
RCD;2014-11-10;2426
RCD;2014-11-10;2427
RCD;2014-11-10;2428
RCD;2014-11-10;2429
RCD;2014-11-10;2430
RCD;2014-11-10;2431
RCD;2014-11-10;2432
RCD;2014-11-10;2433
RCD;2014-11-10;2434
RCD;2014-11-10;2435
RCD;2014-11-11;2436
RCD;2014-11-11;2437
RCD;2014-11-11;2438
RCD;2014-11-11;2439
RCD;2014-11-11;2440
RCD;2014-11-12;2441
RCD;2014-11-12;2442
RCD;2014-11-12;2443
RCD;2014-11-12;2444
RCD;2014-11-12;2445
RCD;2014-11-12;2446
RCD;2014-11-12;2447
RCD;2014-11-12;2448
RCD;2014-11-12;2449
RCD;2014-11-12;2450
RCD;2014-11-12;2451
RCD;2014-11-12;2452
RCD;2014-11-12;2453
RCD;2014-11-12;2454
RCD;2014-11-12;2455
RCD;2014-11-12;2456
RCD;2014-11-12;2457
RCD;2014-11-12;2458
RCD;2014-11-12;2459
RCD;2014-11-12;2460
RCD;2014-11-12;2461
RCD;2014-11-12;2462
RCD;2014-11-12;2463
RCD;2014-11-13;2464
RCD;2014-11-13;2465
RCD;2014-11-13;2466
RCD;2014-11-13;2467
RCD;2014-11-13;2468
RCD;2014-11-13;2469
RCD;2014-11-13;2470
RCD;2014-11-13;2471
RCD;2014-11-13;2472
RCD;2014-11-13;2473
RCD;2014-11-14;2474
RCD;2014-11-14;2475
RCD;2014-11-14;2476
RCD;2014-11-14;2477
RCD;2014-11-14;2478
RCD;2014-11-14;2479
RCD;2014-11-14;2480
RCD;2014-11-14;2481
RCD;2014-11-14;2482
RCD;2014-11-14;2483
RCD;2014-11-14;2484
RCD;2014-11-18;2485
RCD;2014-11-18;2486
RCD;2014-11-18;2487
RCD;2014-11-18;2488
RCD;2014-11-18;2489
RCD;2014-11-18;2490
RCD;2014-11-18;2491
RCD;2014-11-18;2492
RCD;2014-11-20;2493
RCD;2014-11-20;2494
RCD;2014-11-20;2495
RCD;2014-11-20;2496
RCD;2014-11-20;2497
RCD;2014-11-20;2498
RCD;2014-11-20;2499
RCD;2014-11-20;2500
RCD;2014-11-20;2501
RCD;2014-11-20;2502
RCD;2014-11-20;2503
RCD;2014-11-20;2504
RCD;2014-11-20;2505
RCD;2014-11-20;2506
RCD;2014-11-20;2507
RCD;2014-11-20;2508
RCD;2014-11-20;2509
RCD;2014-11-20;2510
RCD;2014-11-20;2511
RCD;2014-11-20;2512
RCD;2014-11-20;2513
RCD;2014-11-20;2514
RCD;2014-11-24;2515
RCD;2014-11-24;2516
RCD;2014-11-24;2517
RCD;2014-11-24;2518
RCD;2014-11-24;2519
RCD;2014-11-24;2520
RCD;2014-11-24;2521
RCD;2014-11-24;2522
RCD;2014-11-24;2523
RCD;2014-11-24;2524
RCD;2014-11-24;2525
RCD;2014-11-24;2526
RCD;2014-11-24;2527
RCD;2014-11-24;2528
RCD;2014-11-24;2529
RCD;2014-11-24;2530
RCD;2014-11-24;2531
RCD;2014-11-24;2532
RCD;2014-11-24;2533
RCD;2014-11-24;2534
RCD;2014-11-24;2535
RCD;2014-11-24;2536
RCD;2014-11-24;2537
RCD;2014-11-24;2538
RCD;2014-11-24;2539
RCD;2014-11-24;2540
RCD;2014-11-24;2541
RCD;2014-11-24;2542
RCD;2014-11-24;2543
RCD;2014-11-24;2544
RCD;2014-11-24;2545
RCD;2014-11-24;2546
RCD;2014-11-24;2547
RCD;2014-11-24;2548
RCD;2014-11-24;2549
RCD;2014-11-24;2550
RCD;2014-11-24;2551
RCD;2014-11-24;2552
RCD;2014-11-25;2553
RCD;2014-11-25;2554
RCD;2014-11-25;2555
RCD;2014-11-25;2556
RCD;2014-11-25;2557
RCD;2014-11-25;2558
RCD;2014-11-25;2559
RCD;2014-11-25;2560
RCD;2014-11-25;2561
RCD;2014-11-25;2562
RCD;2014-11-25;2563
RCD;2014-11-25;2564
RCD;2014-11-27;2565
RCD;2014-11-27;2566
RCD;2014-11-27;2567
RCD;2014-11-27;2568
RCD;2014-11-27;2569
RCD;2014-11-27;2570
RCD;2014-11-27;2571
RCD;2014-11-27;2572
RCD;2014-11-27;2573
RCD;2014-11-27;2574
RCD;2014-11-28;2575
RCD;2014-11-28;2576
RCD;2014-11-28;2577
RCD;2014-11-28;2578
RCD;2014-11-28;2579
RCD;2014-11-28;2580
RCD;2014-11-28;2581
RCD;2014-11-28;2582
RCD;2014-11-07;2583
RCD;2014-11-04;2584
RCD;2014-11-04;2585
RCD;2014-11-07;2586
RCD;2014-11-07;2587
RCD;2014-11-10;2588
RCD;2014-11-10;2589
RCD;2014-11-07;2590
RCD;2014-11-07;2591
RCD;2014-11-07;2592
RCD;2014-11-12;2593
RCD;2014-11-14;2594
RCD;2014-11-14;2595
RCD;2014-11-14;2596
RCD;2014-11-14;2597
RCD;2014-11-15;2598
RCD;2014-11-14;2599
RCD;2014-11-18;2600
RCD;2014-11-18;2601
RCD;2014-11-20;2602
RCD;2014-11-21;2603
RCD;2014-11-21;2604
RCD;2014-11-26;2605
RCD;2014-11-20;2606
RCD;2014-11-28;2607
RCD;2014-11-28;2608
RCD;2014-11-28;2609
RCD;2014-11-28;2610
RCD;2014-11-28;2611
RCD;2014-11-27;2612
RCD;2014-12-01;2613
RCD;2014-12-01;2614
RCD;2014-12-01;2615
RCD;2014-12-01;2616
RCD;2014-12-01;2617
RCD;2014-12-01;2618
RCD;2014-12-01;2619
RCD;2014-12-01;2620
RCD;2014-12-01;2621
RCD;2014-12-01;2622
RCD;2014-12-01;2623
RCD;2014-12-02;2624
RCD;2014-12-03;2625
RCD;2014-12-03;2626
RCD;2014-12-03;2627
RCD;2014-12-03;2628
RCD;2014-12-03;2629
RCD;2014-12-03;2630
RCD;2014-12-03;2631
RCD;2014-12-03;2632
RCD;2014-12-03;2633
RCD;2014-12-03;2634
RCD;2014-12-03;2635
RCD;2014-12-03;2636
RCD;2014-12-03;2637
RCD;2014-12-04;2638
RCD;2014-12-13;2639
RCD;2014-12-06;2640
RCD;2014-12-09;2641
RCD;2014-12-09;2642
RCD;2014-07-03;2643
RCD;2014-07-03;2644
RCD;2014-07-05;2645
RCD;2014-07-07;2646
RCD;2014-07-10;2647
RCD;2014-07-10;2648
RCD;2014-07-07;2649
RCD;2014-07-11;2650
RCD;2014-07-11;2651
RCD;2014-07-10;2652
RCD;2014-07-17;2653
RCD;2014-07-21;2654
RCD;2014-07-21;2655
RCD;2014-07-21;2656
RCD;2014-07-25;2657
RCD;2014-07-28;2658
RCD;2014-07-25;2659
RCD;2014-07-29;2660
RCD;2014-07-23;2661
RCD;2014-07-17;2662
RCD;2014-07-27;2663
RCD;2014-07-15;2664
RCD;2014-12-09;2665
RCD;2014-12-09;2666
RCD;2014-12-09;2667
RCD;2014-12-09;2668
RCD;2014-12-09;2669
RCD;2014-12-09;2670
RCD;2014-12-09;2671
RCD;2014-12-09;2672
RCD;2014-12-09;2673
RCD;2014-12-09;2674
RCD;2014-12-09;2675
RCD;2014-12-09;2676
RCD;2014-12-09;2677
RCD;2014-12-09;2678
RCD;2014-12-09;2679
RCD;2014-12-09;2680
RCD;2014-12-09;2681
RCD;2014-12-09;2682
RCD;2014-12-09;2683
RCD;2014-12-09;2684
RCD;2014-12-09;2685
RCD;2014-12-09;2686
RCD;2014-12-09;2687
RCD;2014-12-09;2688
RCD;2014-12-09;2689
RCD;2014-12-09;2690
RCD;2014-12-09;2691
RCD;2014-12-09;2692
RCD;2014-12-09;2693
RCD;2014-07-09;2694
RCD;2014-12-09;2695
RCD;2014-12-09;2696
RCD;2014-12-09;2697
RCD;2014-12-09;2698
RCD;2014-12-09;2699
RCD;2014-12-09;2700
RCD;2014-12-09;2701
RCD;2014-12-09;2702
RCD;2014-12-09;2703
RCD;2014-12-09;2704
RCD;2014-12-09;2705
RCD;2014-12-09;2706
RCD;2014-12-09;2707
RCD;2014-12-09;2708
RCD;2014-12-09;2709
RCD;2014-12-09;2710
RCD;2014-12-10;2711
RCD;2014-12-10;2712
RCD;2014-12-10;2713
RCD;2014-12-10;2714
RCD;2014-12-10;2715
RCD;2014-12-10;2716
RCD;2014-12-10;2717
RCD;2014-12-10;2718
RCD;2014-12-10;2719
RCD;2014-12-10;2720
RCD;2014-12-12;2721
RCD;2014-12-12;2722
RCD;2014-12-12;2723
RCD;2014-12-12;2724
RCD;2014-12-12;2725
RCD;2014-12-12;2726
RCD;2014-12-12;2727
RCD;2014-12-12;2728
RCD;2014-12-12;2729
RCD;2014-12-12;2730
RCD;2014-12-12;2731
RCD;2014-12-12;2732
RCD;2014-12-12;2733
RCD;2014-12-12;2734
RCD;2014-12-12;2735
RCD;2014-12-12;2736
RCD;2014-12-12;2737
RCD;2014-12-12;2738
RCD;2014-12-12;2739
RCD;2014-12-12;2740
RCD;2014-12-12;2741
RCD;2014-12-12;2742
RCD;2014-12-12;2743
RCD;2014-12-12;2744
RCD;2014-12-12;2745
RCD;2014-12-12;2746
RCD;2014-12-12;2747
RCD;2014-12-12;2748
RCD;2014-12-12;2749
RCD;2014-12-12;2750
RCD;2014-12-12;2751
RCD;2014-12-12;2752
RCD;2014-12-12;2753
RCD;2014-12-15;2754
RCD;2014-12-15;2755
RCD;2014-12-15;2756
RCD;2014-12-15;2757
RCD;2014-12-15;2758
RCD;2014-12-15;2759
RCD;2014-12-15;2760
RCD;2014-12-15;2761
RCD;2014-12-15;2762
RCD;2014-12-15;2763
RCD;2014-12-15;2764
RCD;2014-12-15;2765
RCD;2014-12-15;2766
RCD;2014-12-15;2767
RCD;2014-12-15;2768
RCD;2014-12-15;2769
RCD;2014-12-15;2770
RCD;2014-12-15;2771
RCD;2014-12-15;2772
RCD;2014-12-15;2773
RCD;2014-12-15;2774
RCD;2014-12-16;2775
RCD;2014-12-16;2776
RCD;2014-12-16;2777
RCD;2014-12-16;2778
RCD;2014-12-16;2779
RCD;2014-12-16;2780
RCD;2014-12-16;2781
RCD;2014-12-17;2782
RCD;2014-12-17;2783
RCD;2014-12-17;2784
RCD;2014-12-17;2785
RCD;2014-12-17;2786
RCD;2014-12-17;2787
RCD;2014-12-17;2788
RCD;2014-12-17;2789
RCD;2014-12-17;2790
RCD;2014-12-17;2791
RCD;2014-12-17;2792
RCD;2014-12-17;2793
RCD;2014-12-17;2794
RCD;2014-12-17;2795
RCD;2014-12-17;2796
RCD;2014-12-17;2797
RCD;2014-12-19;2798
RCD;2014-12-19;2799
RCD;2014-12-19;2800
RCD;2014-12-19;2801
RCD;2014-12-19;2802
RCD;2014-12-19;2803
RCD;2014-12-19;2804
RCD;2014-12-19;2805
RCD;2014-12-19;2806
RCD;2014-12-19;2807
RCD;2014-12-19;2808
RCD;2014-12-19;2809
RCD;2014-12-19;2810
RCD;2014-12-22;2811
RCD;2014-12-22;2812
RCD;2014-12-23;2813
RCD;2014-12-22;2814
RCD;2014-12-22;2815
RCD;2014-12-22;2816
RCD;2014-12-22;2817
RCD;2014-12-22;2818
RCD;2014-12-22;2819
RCD;2014-12-22;2820
RCD;2014-12-22;2821
RCD;2014-12-22;2822
RCD;2014-12-22;2823
RCD;2014-12-22;2824
RCD;2014-12-22;2825
RCD;2014-12-22;2826
RCD;2014-12-22;2827
RCD;2014-12-22;2828
RCD;2014-12-22;2829
RCD;2014-12-22;2830
RCD;2014-12-24;2831
RCD;2014-12-26;2832
RCD;2014-12-26;2833
RCD;2014-12-26;2834
RCD;2014-12-26;2835
RCD;2014-12-26;2836
RCD;2014-12-26;2837
RCD;2014-12-26;2838
RCD;2014-12-26;2839
RCD;2014-12-26;2840
RCD;2014-12-26;2841
RCD;2014-12-26;2842
RCD;2014-12-26;2843
RCD;2014-12-26;2844
RCD;2014-12-26;2845
RCD;2014-12-26;2846
RCD;2014-12-26;2847
RCD;2014-12-26;2848
RCD;2014-12-26;2849
RCD;2014-12-26;2850
RCD;2014-12-26;2851
RCD;2014-12-26;2852
RCD;2014-12-26;2853
RCD;2014-12-26;2854
RCD;2014-12-26;2855
RCD;2014-12-26;2856
RCD;2014-12-26;2857
RCD;2014-12-26;2858
RCD;2014-12-26;2859
RCD;2014-12-26;2860
RCD;2014-12-23;2861
RCD;2014-12-27;2862
RCD;2014-12-29;2863
RCD;2014-12-29;2864
RCD;2014-12-29;2865
RCD;2014-12-29;2866
RCD;2014-12-29;2867
RCD;2014-12-29;2868
RCD;2014-12-30;2869
RCD;2014-12-30;2870
RCD;2014-12-30;2871
RCD;2014-12-30;2872
RCD;2014-12-30;2873
RCD;2014-12-30;2874
RCD;2014-12-30;2875
RCD;2014-12-30;2876
RCD;2014-12-30;2877
RCD;2014-12-30;2878
RCD;2014-12-30;2879
RCD;2014-12-30;2880
