--insert empresas

INSERT INTO empresas VALUES ('01', 'NIT', '890300513-3', 'CLINICA DE OCCIDENTE  S.A.', 'JAMES OSORIO', '7600103066', 'CO', '76', '001', 'CL 18 NORTE NRO 5-34', '6603000', '6680076', '000', 'www.clinicadeoccidente.com.co', 'clinicadeoccidente@telesat.com.co', '1', '1', NULL, NULL);

--insert system_caducidad_passwd

INSERT INTO system_caducidad_passwd VALUES (0, 'NUNCA', 0);
INSERT INTO system_caducidad_passwd VALUES (7, '1 semana', 2);
INSERT INTO system_caducidad_passwd VALUES (15, '2 semanas', 3);
INSERT INTO system_caducidad_passwd VALUES (30, '1 mes', 4);
INSERT INTO system_caducidad_passwd VALUES (60, '2 meses', 5);
INSERT INTO system_caducidad_passwd VALUES (90, '3 meses', 6);
INSERT INTO system_caducidad_passwd VALUES (180, '6 meses', 7);
INSERT INTO system_caducidad_passwd VALUES (3, '3 dias', 1);
INSERT INTO system_caducidad_passwd VALUES (365, '1 año', 8);

--insert system_menus

INSERT INTO system_menus VALUES (1, 'CONFIGURACION DEL USUARIO', 'Módulo de Configuración del usuario.', '0');
INSERT INTO system_menus VALUES (2, 'USUARIOS', 'Módulo para el manejo de usuarios del sistema de información', '0');
INSERT INTO system_menus VALUES (3, 'ADMINISTRACION MODULOS', 'Administracion de Modulos de SIIS', '0');
INSERT INTO system_menus VALUES (4, 'DICCIONARIO', 'Diccionario de Datos', '0');
INSERT INTO system_menus VALUES (5, 'AUDITORIAS BD', 'Auditorias sobre las base de Datos', '0');

--insert system_menus_items

INSERT INTO system_menus_items VALUES (1, 1, 'CONFIGURACION USUARIOS', 'system', 'Usuario_Config', 'user', 'main', 'Módulo de Configuración', 0);
INSERT INTO system_menus_items VALUES (2, 2, 'ADMINISTRACION USUARIOS', 'system', 'Usuarios', 'admin', 'main', 'Módulo de administración de la empresas.', 0);
INSERT INTO system_menus_items VALUES (3, 3, 'ADMINISTRACION DE MODULOS', 'system', 'AdminModulos', 'user', 'main', 'Item de menu de AdminModulos', 0);
INSERT INTO system_menus_items VALUES (4, 4, 'DICCIONARIO', 'system', 'Diccionario', 'user', 'main', 'Diccionario de Datos', 0);
INSERT INTO system_menus_items VALUES (5, 5, 'REVISION CONSULTAS BD', 'system', 'BDperf', 'user', 'main', 'Realiza Auditoria BD', 0);

--insert system_modulos

INSERT INTO system_modulos VALUES ('Usuario_Config', 'system', 'Módulo de configuraciones de usuario.', 1.00, '', '1', '1', '1');
INSERT INTO system_modulos VALUES ('Usuarios', 'system', 'Usuarios', 1.00, '', '1', '1', '1');
INSERT INTO system_modulos VALUES ('AdminModulos', 'system', 'Modulo en cual se maneja la administracion de modulos', 1.00, '1', '1', '1', '1');
INSERT INTO system_modulos VALUES ('EJEMPLO', 'app', '', 1.00, '', '1', '1', '1');
INSERT INTO system_modulos VALUES ('Diccionario', 'system', 'Diccionario de Datos', 1.00, '', '1', '1', '1');
INSERT INTO system_modulos VALUES ('BDperf', 'system', 'Identifica Consultas a la Base de Datos Erroneas o Demoradas', 1.00, '', '1', '1', '1');
INSERT INTO system_modulos VALUES ('Administrador', 'system', '', 1.00, '1', '1', '1', '1');

--insert system_tipos_modulos

INSERT INTO system_tipos_modulos VALUES ('app', 'modulos de aplicacion');
INSERT INTO system_tipos_modulos VALUES ('system', 'Modulos del Systema - Kernel');

--insert system_usuarios

INSERT INTO system_usuarios VALUES (0, 'anomino', 'Usuario Anonimo', 'Usuario sin autenticar', '', '0', '1', NULL, NULL, NULL, NULL);
INSERT INTO system_usuarios VALUES (1, 'ADMIN', 'Admin', 'Usuario Administrador', 'e10adc3949ba59abbe56e057f20f883e', '1', '1', NULL, NULL, NULL, NULL);
INSERT INTO system_usuarios VALUES (2, 'SIIS', 'SISTEMA', 'SISTEMA', '1ad7601a928742ffcba312ae33d7812b', '0', '1', NULL, NULL, NULL, NULL);

--insert system_usuarios_administradores

INSERT INTO system_usuarios_administradores VALUES (2, '01');

--insert system_usuarios_menus

INSERT INTO system_usuarios_menus VALUES (1, 2);
INSERT INTO system_usuarios_menus VALUES (2, 2);
INSERT INTO system_usuarios_menus VALUES (3, 2);
INSERT INTO system_usuarios_menus VALUES (4, 2);
INSERT INTO system_usuarios_menus VALUES (5, 2);

--insert system_usuarios_vars

INSERT INTO system_usuarios_vars VALUES (2, 'Tema', 'AzulXp');
INSERT INTO system_usuarios_vars VALUES (2, 'LimitRowsBrowser', '1');

--insert tipo_dptos

INSERT INTO tipo_dptos VALUES ('11', 'CO', 'SANTA FE DE BOGOTÁ D.C.');
INSERT INTO tipo_dptos VALUES ('13', 'CO', 'BOLÍVAR');
INSERT INTO tipo_dptos VALUES ('14', 'CO', 'CARTAGENA D.E');
INSERT INTO tipo_dptos VALUES ('15', 'CO', 'BOYACA');
INSERT INTO tipo_dptos VALUES ('17', 'CO', 'CALDAS');
INSERT INTO tipo_dptos VALUES ('18', 'CO', 'CAQUETÁ');
INSERT INTO tipo_dptos VALUES ('19', 'CO', 'CAUCA');
INSERT INTO tipo_dptos VALUES ('20', 'CO', 'CESAR');
INSERT INTO tipo_dptos VALUES ('23', 'CO', 'CÓRDOVA');
INSERT INTO tipo_dptos VALUES ('25', 'CO', 'CUNDINAMARCA');
INSERT INTO tipo_dptos VALUES ('27', 'CO', 'CHOCÓ');
INSERT INTO tipo_dptos VALUES ('41', 'CO', 'HUILA');
INSERT INTO tipo_dptos VALUES ('44', 'CO', 'LA GUAJIRA');
INSERT INTO tipo_dptos VALUES ('47', 'CO', 'MAGDALENA');
INSERT INTO tipo_dptos VALUES ('48', 'CO', 'SANTAMARTA D.E');
INSERT INTO tipo_dptos VALUES ('50', 'CO', 'META');
INSERT INTO tipo_dptos VALUES ('52', 'CO', 'NARIÑO');
INSERT INTO tipo_dptos VALUES ('54', 'CO', 'NORTE DE SANTANDER');
INSERT INTO tipo_dptos VALUES ('63', 'CO', 'QUINDIO');
INSERT INTO tipo_dptos VALUES ('66', 'CO', 'RISARALDA');
INSERT INTO tipo_dptos VALUES ('68', 'CO', 'SANTANDER');
INSERT INTO tipo_dptos VALUES ('70', 'CO', 'SUCRE');
INSERT INTO tipo_dptos VALUES ('73', 'CO', 'TOLIMA');
INSERT INTO tipo_dptos VALUES ('81', 'CO', 'ARAUCA');
INSERT INTO tipo_dptos VALUES ('85', 'CO', 'CASANARE');
INSERT INTO tipo_dptos VALUES ('86', 'CO', 'PUTUMAYO');
INSERT INTO tipo_dptos VALUES ('88', 'CO', 'SAN ANDRÉS');
INSERT INTO tipo_dptos VALUES ('91', 'CO', 'AMAZONAS');
INSERT INTO tipo_dptos VALUES ('94', 'CO', 'GUAINÍA');
INSERT INTO tipo_dptos VALUES ('95', 'CO', 'GUAVIARE');
INSERT INTO tipo_dptos VALUES ('97', 'CO', 'VAUPÉS');
INSERT INTO tipo_dptos VALUES ('99', 'CO', 'VICHADA');
INSERT INTO tipo_dptos VALUES ('05', 'CO', 'ANTIOQUIA');
INSERT INTO tipo_dptos VALUES ('08', 'CO', 'ATLÁNTICO');
INSERT INTO tipo_dptos VALUES ('09', 'CO', 'BARRANQUILLA D.E');
INSERT INTO tipo_dptos VALUES ('01', 'EC', 'QUITO');
INSERT INTO tipo_dptos VALUES ('76', 'CO', 'VALLE DEL CAUCA');
INSERT INTO tipo_dptos VALUES ('45', 'PR', 'PRUEBA');

--insert tipo_id_terceros

INSERT INTO tipo_id_terceros VALUES ('CE', 'CEDULA DE EXTRANJERIA', 2, '1');
INSERT INTO tipo_id_terceros VALUES ('CC', 'CEDULA DE CIUDADANIA', 1, '1');
INSERT INTO tipo_id_terceros VALUES ('TI', 'TARJETA DE IDENTIDAD', 2, '0');
INSERT INTO tipo_id_terceros VALUES ('PA', 'PASAPORTE', 4, '0');
INSERT INTO tipo_id_terceros VALUES ('RC', 'REGISTRO CIVIL', 3, '1');
INSERT INTO tipo_id_terceros VALUES ('MS', 'MENOR SIN IDENTIFICACION', 5, '1');
INSERT INTO tipo_id_terceros VALUES ('NIT', 'N. IDENTIFICACION TRIBUTARIO', 0, '0');
INSERT INTO tipo_id_terceros VALUES ('AS', 'ADULTO SIN IDENTIFICACION', 6, '8');

--insert tipo_mpios

INSERT INTO tipo_mpios VALUES ('CO', '05', '001', 'MEDELLIN');
INSERT INTO tipo_mpios VALUES ('CO', '05', '002', 'ABEJORRAL');
INSERT INTO tipo_mpios VALUES ('CO', '05', '004', 'ABRIAQUI');
INSERT INTO tipo_mpios VALUES ('CO', '05', '021', 'ALEJANDRIA');
INSERT INTO tipo_mpios VALUES ('CO', '05', '030', 'AMAGA');
INSERT INTO tipo_mpios VALUES ('CO', '05', '031', 'AMALFI');
INSERT INTO tipo_mpios VALUES ('CO', '05', '034', 'ANDES');
INSERT INTO tipo_mpios VALUES ('CO', '05', '036', 'ANGELOPOLIS');
INSERT INTO tipo_mpios VALUES ('CO', '05', '038', 'ANGOSTURA');
INSERT INTO tipo_mpios VALUES ('CO', '05', '040', 'ANORI');
INSERT INTO tipo_mpios VALUES ('CO', '05', '042', 'ANTIOQUIA');
INSERT INTO tipo_mpios VALUES ('CO', '05', '044', 'ANZA');
INSERT INTO tipo_mpios VALUES ('CO', '05', '045', 'APARTADO');
INSERT INTO tipo_mpios VALUES ('CO', '05', '051', 'ARBOLETES');
INSERT INTO tipo_mpios VALUES ('CO', '05', '055', 'ARGELIA');
INSERT INTO tipo_mpios VALUES ('CO', '05', '059', 'ARMENIA');
INSERT INTO tipo_mpios VALUES ('CO', '05', '079', 'BARBOSA');
INSERT INTO tipo_mpios VALUES ('CO', '05', '086', 'BELMIRA');
INSERT INTO tipo_mpios VALUES ('CO', '05', '088', 'BELLO');
INSERT INTO tipo_mpios VALUES ('CO', '05', '091', 'BETANIA');
INSERT INTO tipo_mpios VALUES ('CO', '05', '093', 'BETULIA');
INSERT INTO tipo_mpios VALUES ('CO', '05', '101', 'BOLIVAR');
INSERT INTO tipo_mpios VALUES ('CO', '05', '107', 'BRICE?O');
INSERT INTO tipo_mpios VALUES ('CO', '05', '113', 'BURITICA');
INSERT INTO tipo_mpios VALUES ('CO', '05', '120', 'CACERES');
INSERT INTO tipo_mpios VALUES ('CO', '05', '125', 'CAICEDO');
INSERT INTO tipo_mpios VALUES ('CO', '05', '129', 'CALDAS');
INSERT INTO tipo_mpios VALUES ('CO', '05', '134', 'CAMPAMENTO');
INSERT INTO tipo_mpios VALUES ('CO', '05', '142', 'CARACOLI');
INSERT INTO tipo_mpios VALUES ('CO', '05', '145', 'CARAMANTA');
INSERT INTO tipo_mpios VALUES ('CO', '05', '147', 'CAREPA');
INSERT INTO tipo_mpios VALUES ('CO', '05', '148', 'CARMEN DE VIBORAL');
INSERT INTO tipo_mpios VALUES ('CO', '05', '150', 'CAROLINA');
INSERT INTO tipo_mpios VALUES ('CO', '05', '154', 'CAUCASIA');
INSERT INTO tipo_mpios VALUES ('CO', '05', '172', 'CHIGORODO');
INSERT INTO tipo_mpios VALUES ('CO', '05', '190', 'CISNEROS');
INSERT INTO tipo_mpios VALUES ('CO', '05', '197', 'COCORNA');
INSERT INTO tipo_mpios VALUES ('CO', '05', '206', 'CONCEPCION');
INSERT INTO tipo_mpios VALUES ('CO', '05', '209', 'CONCORDIA');
INSERT INTO tipo_mpios VALUES ('CO', '05', '212', 'COPACABANA');
INSERT INTO tipo_mpios VALUES ('CO', '05', '234', 'DABEIBA');
INSERT INTO tipo_mpios VALUES ('CO', '05', '237', 'DON MATIAS');
INSERT INTO tipo_mpios VALUES ('CO', '05', '240', 'EBEJICO');
INSERT INTO tipo_mpios VALUES ('CO', '05', '250', 'EL BAGRE');
INSERT INTO tipo_mpios VALUES ('CO', '05', '264', 'ENTRERRIOS');
INSERT INTO tipo_mpios VALUES ('CO', '05', '266', 'ENVIGADO');
INSERT INTO tipo_mpios VALUES ('CO', '05', '282', 'FREDONIA');
INSERT INTO tipo_mpios VALUES ('CO', '05', '284', 'FRONTINO');
INSERT INTO tipo_mpios VALUES ('CO', '05', '306', 'GIRALDO');
INSERT INTO tipo_mpios VALUES ('CO', '05', '308', 'GIRARDOTA');
INSERT INTO tipo_mpios VALUES ('CO', '05', '310', 'GOMEZ PLATA');
INSERT INTO tipo_mpios VALUES ('CO', '05', '313', 'GRANADA');
INSERT INTO tipo_mpios VALUES ('CO', '05', '315', 'GUADALUPE');
INSERT INTO tipo_mpios VALUES ('CO', '05', '318', 'GUARNE');
INSERT INTO tipo_mpios VALUES ('CO', '05', '321', 'GUATAPE');
INSERT INTO tipo_mpios VALUES ('CO', '05', '347', 'HELICONIA');
INSERT INTO tipo_mpios VALUES ('CO', '05', '353', 'HISPANIA');
INSERT INTO tipo_mpios VALUES ('CO', '05', '360', 'ITAGUI');
INSERT INTO tipo_mpios VALUES ('CO', '05', '361', 'ITUANGO');
INSERT INTO tipo_mpios VALUES ('CO', '05', '364', 'JARDIN');
INSERT INTO tipo_mpios VALUES ('CO', '05', '368', 'JERICO');
INSERT INTO tipo_mpios VALUES ('CO', '05', '376', 'LA CEJA');
INSERT INTO tipo_mpios VALUES ('CO', '05', '380', 'LA ESTRELLA');
INSERT INTO tipo_mpios VALUES ('CO', '05', '390', 'LA PINTADA');
INSERT INTO tipo_mpios VALUES ('CO', '05', '400', 'LA UNION');
INSERT INTO tipo_mpios VALUES ('CO', '05', '411', 'LIBORINA');
INSERT INTO tipo_mpios VALUES ('CO', '05', '425', 'MACEO');
INSERT INTO tipo_mpios VALUES ('CO', '05', '440', 'MARINILLA');
INSERT INTO tipo_mpios VALUES ('CO', '05', '467', 'MONTEBELLO');
INSERT INTO tipo_mpios VALUES ('CO', '05', '475', 'MURINDO');
INSERT INTO tipo_mpios VALUES ('CO', '05', '480', 'MUTATA');
INSERT INTO tipo_mpios VALUES ('CO', '05', '483', 'NARI?O');
INSERT INTO tipo_mpios VALUES ('CO', '05', '490', 'NECOCLI');
INSERT INTO tipo_mpios VALUES ('CO', '05', '495', 'NECHI');
INSERT INTO tipo_mpios VALUES ('CO', '05', '501', 'OLAYA');
INSERT INTO tipo_mpios VALUES ('CO', '05', '541', 'PE?OL');
INSERT INTO tipo_mpios VALUES ('CO', '05', '543', 'PEQUE');
INSERT INTO tipo_mpios VALUES ('CO', '05', '576', 'PUEBLORRICO');
INSERT INTO tipo_mpios VALUES ('CO', '05', '579', 'PUERTO BERRIO');
INSERT INTO tipo_mpios VALUES ('CO', '05', '585', 'PUERTO NARE (LA MAGDALENA)');
INSERT INTO tipo_mpios VALUES ('CO', '05', '591', 'PUERTO TRIUNFO');
INSERT INTO tipo_mpios VALUES ('CO', '05', '604', 'REMEDIOS');
INSERT INTO tipo_mpios VALUES ('CO', '05', '607', 'RETIRO');
INSERT INTO tipo_mpios VALUES ('CO', '05', '615', 'RIONEGRO');
INSERT INTO tipo_mpios VALUES ('CO', '05', '628', 'SABANALARGA');
INSERT INTO tipo_mpios VALUES ('CO', '05', '631', 'SABANETA');
INSERT INTO tipo_mpios VALUES ('CO', '05', '642', 'SALGAR');
INSERT INTO tipo_mpios VALUES ('CO', '05', '647', 'SAN ANDRES');
INSERT INTO tipo_mpios VALUES ('CO', '05', '649', 'SAN CARLOS');
INSERT INTO tipo_mpios VALUES ('CO', '05', '652', 'SAN FRANCISCO');
INSERT INTO tipo_mpios VALUES ('CO', '05', '656', 'SAN JERONIMO');
INSERT INTO tipo_mpios VALUES ('CO', '05', '658', 'SAN JOSE DE LA MONTA?A');
INSERT INTO tipo_mpios VALUES ('CO', '05', '659', 'SAN JUAN DE URABA');
INSERT INTO tipo_mpios VALUES ('CO', '05', '660', 'SAN LUIS');
INSERT INTO tipo_mpios VALUES ('CO', '05', '664', 'SAN PEDRO');
INSERT INTO tipo_mpios VALUES ('CO', '05', '665', 'SAN PEDRO DE URABA');
INSERT INTO tipo_mpios VALUES ('CO', '05', '667', 'SAN RAFAE');
INSERT INTO tipo_mpios VALUES ('CO', '05', '670', 'SAN ROQUE');
INSERT INTO tipo_mpios VALUES ('CO', '05', '674', 'SAN VICENTE');
INSERT INTO tipo_mpios VALUES ('CO', '05', '679', 'SANTA BARBARA');
INSERT INTO tipo_mpios VALUES ('CO', '05', '686', 'SANTA ROSA DE OSOS');
INSERT INTO tipo_mpios VALUES ('CO', '05', '690', 'SANTO DOMINGO');
INSERT INTO tipo_mpios VALUES ('CO', '05', '697', 'SANTUARIO');
INSERT INTO tipo_mpios VALUES ('CO', '05', '736', 'SEGOVIA');
INSERT INTO tipo_mpios VALUES ('CO', '05', '756', 'SONSON');
INSERT INTO tipo_mpios VALUES ('CO', '05', '761', 'SOPETRAN');
INSERT INTO tipo_mpios VALUES ('CO', '05', '789', 'TAMESIS');
INSERT INTO tipo_mpios VALUES ('CO', '05', '790', 'TARAZA');
INSERT INTO tipo_mpios VALUES ('CO', '05', '792', 'TARSO');
INSERT INTO tipo_mpios VALUES ('CO', '05', '809', 'TITIRIBI');
INSERT INTO tipo_mpios VALUES ('CO', '05', '819', 'TOLEDO');
INSERT INTO tipo_mpios VALUES ('CO', '05', '837', 'TURBO');
INSERT INTO tipo_mpios VALUES ('CO', '05', '842', 'URAMITA');
INSERT INTO tipo_mpios VALUES ('CO', '05', '847', 'URRAO');
INSERT INTO tipo_mpios VALUES ('CO', '05', '854', 'VALDIVIA');
INSERT INTO tipo_mpios VALUES ('CO', '05', '856', 'VALPARAISO');
INSERT INTO tipo_mpios VALUES ('CO', '05', '858', 'VEGACHI');
INSERT INTO tipo_mpios VALUES ('CO', '05', '861', 'VENECIA');
INSERT INTO tipo_mpios VALUES ('CO', '05', '873', 'VIGIA DEL FUERTE');
INSERT INTO tipo_mpios VALUES ('CO', '05', '885', 'YALI');
INSERT INTO tipo_mpios VALUES ('CO', '05', '887', 'YARUMAL');
INSERT INTO tipo_mpios VALUES ('CO', '05', '890', 'YOLOMBO');
INSERT INTO tipo_mpios VALUES ('CO', '05', '893', 'YONDO');
INSERT INTO tipo_mpios VALUES ('CO', '05', '895', 'ZARAGOZA');
INSERT INTO tipo_mpios VALUES ('CO', '08', '001', 'BARRANQUILLA');
INSERT INTO tipo_mpios VALUES ('CO', '08', '078', 'BARANOA');
INSERT INTO tipo_mpios VALUES ('CO', '08', '137', 'CAMPO DE LA CRUZ');
INSERT INTO tipo_mpios VALUES ('CO', '08', '141', 'CANDELARIA');
INSERT INTO tipo_mpios VALUES ('CO', '08', '296', 'GALAPA');
INSERT INTO tipo_mpios VALUES ('CO', '08', '372', 'JUAN DE ACOSTA');
INSERT INTO tipo_mpios VALUES ('CO', '08', '421', 'LURUACO');
INSERT INTO tipo_mpios VALUES ('CO', '08', '433', 'MALAMBO');
INSERT INTO tipo_mpios VALUES ('CO', '08', '436', 'MANATI');
INSERT INTO tipo_mpios VALUES ('CO', '08', '520', 'PALMAR DE VARELA');
INSERT INTO tipo_mpios VALUES ('CO', '08', '549', 'PIOJO');
INSERT INTO tipo_mpios VALUES ('CO', '08', '558', 'POLO NUEVO');
INSERT INTO tipo_mpios VALUES ('CO', '08', '560', 'PONEDERA');
INSERT INTO tipo_mpios VALUES ('CO', '08', '573', 'PUERTO COLOMBIA');
INSERT INTO tipo_mpios VALUES ('CO', '08', '606', 'REPELON');
INSERT INTO tipo_mpios VALUES ('CO', '08', '634', 'SABANAGRANDE');
INSERT INTO tipo_mpios VALUES ('CO', '08', '638', 'SABANALARGA');
INSERT INTO tipo_mpios VALUES ('CO', '08', '675', 'SANTA LUCIA');
INSERT INTO tipo_mpios VALUES ('CO', '08', '685', 'SANTO TOMAS');
INSERT INTO tipo_mpios VALUES ('CO', '08', '758', 'SOLEDAD');
INSERT INTO tipo_mpios VALUES ('CO', '08', '770', 'SUAN');
INSERT INTO tipo_mpios VALUES ('CO', '08', '832', 'TUBARA');
INSERT INTO tipo_mpios VALUES ('CO', '08', '849', 'USIACURI');
INSERT INTO tipo_mpios VALUES ('CO', '11', '001', 'SANTAFE DE BOGOTA DC_USAQUEN');
INSERT INTO tipo_mpios VALUES ('CO', '11', '002', 'SANTAFE DE BOGOTA DC_CHAPINERO');
INSERT INTO tipo_mpios VALUES ('CO', '11', '003', 'SANTA FE');
INSERT INTO tipo_mpios VALUES ('CO', '11', '004', 'SAN CRISTOBAL');
INSERT INTO tipo_mpios VALUES ('CO', '11', '005', ' USME');
INSERT INTO tipo_mpios VALUES ('CO', '11', '006', 'TUNJUELITO');
INSERT INTO tipo_mpios VALUES ('CO', '11', '007', 'BOSA');
INSERT INTO tipo_mpios VALUES ('CO', '11', '008', 'KENNEDY');
INSERT INTO tipo_mpios VALUES ('CO', '11', '009', 'FONTIBON');
INSERT INTO tipo_mpios VALUES ('CO', '11', '010', 'ENGATIVA');
INSERT INTO tipo_mpios VALUES ('CO', '11', '011', 'SUBA');
INSERT INTO tipo_mpios VALUES ('CO', '11', '012', 'BARRIOS UNIDOS');
INSERT INTO tipo_mpios VALUES ('CO', '11', '013', 'TEUSAQUILLO');
INSERT INTO tipo_mpios VALUES ('CO', '11', '014', 'MARTIRES');
INSERT INTO tipo_mpios VALUES ('CO', '11', '015', 'ANTONIO NARI?O');
INSERT INTO tipo_mpios VALUES ('CO', '11', '016', 'PUENTE ARANDA');
INSERT INTO tipo_mpios VALUES ('CO', '11', '017', 'CANDELARIA');
INSERT INTO tipo_mpios VALUES ('CO', '11', '018', 'RAFAEL URIBE');
INSERT INTO tipo_mpios VALUES ('CO', '11', '019', 'CIUDAD BOLIVAR');
INSERT INTO tipo_mpios VALUES ('CO', '11', '020', 'SUMAPAZ');
INSERT INTO tipo_mpios VALUES ('CO', '13', '001', 'CARTAGENA ');
INSERT INTO tipo_mpios VALUES ('CO', '13', '006', 'ACHI');
INSERT INTO tipo_mpios VALUES ('CO', '13', '030', 'ALTOS DEL ROSARIO');
INSERT INTO tipo_mpios VALUES ('CO', '13', '042', 'ARENAL');
INSERT INTO tipo_mpios VALUES ('CO', '13', '052', 'ARJONA');
INSERT INTO tipo_mpios VALUES ('CO', '13', '062', 'ARROYOHONDO');
INSERT INTO tipo_mpios VALUES ('CO', '13', '074', 'BARRANCO DE LOBA');
INSERT INTO tipo_mpios VALUES ('CO', '13', '140', 'CALAMAR');
INSERT INTO tipo_mpios VALUES ('CO', '13', '160', 'CANTAGALLO');
INSERT INTO tipo_mpios VALUES ('CO', '13', '188', 'CICUCO');
INSERT INTO tipo_mpios VALUES ('CO', '13', '212', 'CORDOBA');
INSERT INTO tipo_mpios VALUES ('CO', '13', '222', 'CLEMENCIA');
INSERT INTO tipo_mpios VALUES ('CO', '13', '244', 'EL CARMEN DE BOLIVAR');
INSERT INTO tipo_mpios VALUES ('CO', '13', '248', 'EL GUAMO');
INSERT INTO tipo_mpios VALUES ('CO', '13', '268', 'EL PE?ON');
INSERT INTO tipo_mpios VALUES ('CO', '13', '300', 'HATILLO DE LOBA');
INSERT INTO tipo_mpios VALUES ('CO', '13', '430', 'MAGANGUE');
INSERT INTO tipo_mpios VALUES ('CO', '13', '433', 'MAHATES');
INSERT INTO tipo_mpios VALUES ('CO', '13', '440', 'MARGARITA');
INSERT INTO tipo_mpios VALUES ('CO', '13', '442', 'MARIA LA BAJA');
INSERT INTO tipo_mpios VALUES ('CO', '13', '458', 'MONTECRISTO');
INSERT INTO tipo_mpios VALUES ('CO', '13', '468', 'MOMPOS');
INSERT INTO tipo_mpios VALUES ('CO', '13', '473', 'MORALES');
INSERT INTO tipo_mpios VALUES ('CO', '13', '549', 'PINILLOS');
INSERT INTO tipo_mpios VALUES ('CO', '13', '580', 'REGIDOR');
INSERT INTO tipo_mpios VALUES ('CO', '13', '600', 'RIO VIEJO');
INSERT INTO tipo_mpios VALUES ('CO', '13', '620', 'SAN CRISTOBAL');
INSERT INTO tipo_mpios VALUES ('CO', '13', '647', 'SAN ESTANISLAO');
INSERT INTO tipo_mpios VALUES ('CO', '13', '650', 'SAN FERNANDO');
INSERT INTO tipo_mpios VALUES ('CO', '13', '654', 'SAN JACINTO');
INSERT INTO tipo_mpios VALUES ('CO', '13', '655', 'SAN JACINTO DEL CAUCA');
INSERT INTO tipo_mpios VALUES ('CO', '13', '657', 'SAN JUAN NEPOMUCENO');
INSERT INTO tipo_mpios VALUES ('CO', '13', '667', 'SAN MARTIN DE LOBA');
INSERT INTO tipo_mpios VALUES ('CO', '13', '670', 'SAN PABLO');
INSERT INTO tipo_mpios VALUES ('CO', '13', '673', 'SANTA CATALINA');
INSERT INTO tipo_mpios VALUES ('CO', '13', '683', 'SANTA ROSA');
INSERT INTO tipo_mpios VALUES ('CO', '13', '688', 'SANTA ROSA DEL SUR');
INSERT INTO tipo_mpios VALUES ('CO', '13', '744', 'SIMITI');
INSERT INTO tipo_mpios VALUES ('CO', '13', '760', 'SOPLAVIENTO');
INSERT INTO tipo_mpios VALUES ('CO', '13', '780', 'TALAIGUA NUEVO');
INSERT INTO tipo_mpios VALUES ('CO', '13', '810', 'TIQUISIO (PUERTO RICO)');
INSERT INTO tipo_mpios VALUES ('CO', '13', '836', 'TURBACO');
INSERT INTO tipo_mpios VALUES ('CO', '13', '838', 'TURBANA');
INSERT INTO tipo_mpios VALUES ('CO', '13', '873', 'VILLANUEVA');
INSERT INTO tipo_mpios VALUES ('CO', '15', '001', 'TUNJA');
INSERT INTO tipo_mpios VALUES ('CO', '15', '022', 'ALMEIDA');
INSERT INTO tipo_mpios VALUES ('CO', '15', '047', 'AQUITANIA');
INSERT INTO tipo_mpios VALUES ('CO', '15', '051', 'ARCABUCO');
INSERT INTO tipo_mpios VALUES ('CO', '15', '087', 'BELEN');
INSERT INTO tipo_mpios VALUES ('CO', '15', '090', 'BERBEO');
INSERT INTO tipo_mpios VALUES ('CO', '15', '092', 'BETEITIVA');
INSERT INTO tipo_mpios VALUES ('CO', '15', '097', 'BOAVITA');
INSERT INTO tipo_mpios VALUES ('CO', '15', '104', 'BOYACA');
INSERT INTO tipo_mpios VALUES ('CO', '15', '106', 'BRICE?O');
INSERT INTO tipo_mpios VALUES ('CO', '15', '109', 'BUENAVISTA');
INSERT INTO tipo_mpios VALUES ('CO', '15', '114', 'BUSBANZA');
INSERT INTO tipo_mpios VALUES ('CO', '15', '131', 'CALDAS');
INSERT INTO tipo_mpios VALUES ('CO', '15', '135', 'CAMPOHERMOSO');
INSERT INTO tipo_mpios VALUES ('CO', '15', '162', 'CERINZA');
INSERT INTO tipo_mpios VALUES ('CO', '15', '172', 'CHINAVITA');
INSERT INTO tipo_mpios VALUES ('CO', '15', '176', 'CHIQUINQUIRA');
INSERT INTO tipo_mpios VALUES ('CO', '15', '180', 'CHISCAS');
INSERT INTO tipo_mpios VALUES ('CO', '15', '183', 'CHITA');
INSERT INTO tipo_mpios VALUES ('CO', '15', '185', 'CHITARAQUE');
INSERT INTO tipo_mpios VALUES ('CO', '15', '187', 'CHIVATA');
INSERT INTO tipo_mpios VALUES ('CO', '15', '189', 'CIENEGA');
INSERT INTO tipo_mpios VALUES ('CO', '15', '204', 'COMBITA');
INSERT INTO tipo_mpios VALUES ('CO', '15', '212', 'COPER');
INSERT INTO tipo_mpios VALUES ('CO', '15', '215', 'CORRALES');
INSERT INTO tipo_mpios VALUES ('CO', '15', '218', 'COVARACHIA');
INSERT INTO tipo_mpios VALUES ('CO', '15', '223', 'CUBARA');
INSERT INTO tipo_mpios VALUES ('CO', '15', '224', 'CUCAITA');
INSERT INTO tipo_mpios VALUES ('CO', '15', '226', 'CUITIVA');
INSERT INTO tipo_mpios VALUES ('CO', '15', '232', 'CHIQUIZA');
INSERT INTO tipo_mpios VALUES ('CO', '15', '236', 'CHIVOR');
INSERT INTO tipo_mpios VALUES ('CO', '15', '238', 'DUITAMA');
INSERT INTO tipo_mpios VALUES ('CO', '15', '244', 'EL COCUY');
INSERT INTO tipo_mpios VALUES ('CO', '15', '248', 'EL ESPINO');
INSERT INTO tipo_mpios VALUES ('CO', '15', '272', 'FIRAVITOBA');
INSERT INTO tipo_mpios VALUES ('CO', '15', '276', 'FLORESTA');
INSERT INTO tipo_mpios VALUES ('CO', '15', '293', 'GACHANTIVA');
INSERT INTO tipo_mpios VALUES ('CO', '15', '296', 'GAMEZA');
INSERT INTO tipo_mpios VALUES ('CO', '15', '299', 'GARAGOA');
INSERT INTO tipo_mpios VALUES ('CO', '15', '317', 'GUACAMAYAS');
INSERT INTO tipo_mpios VALUES ('CO', '15', '322', 'GUATEQUE');
INSERT INTO tipo_mpios VALUES ('CO', '15', '325', 'GUAYATA');
INSERT INTO tipo_mpios VALUES ('CO', '15', '332', 'GUICAN');
INSERT INTO tipo_mpios VALUES ('CO', '15', '362', 'IZA');
INSERT INTO tipo_mpios VALUES ('CO', '15', '367', 'JENESANO');
INSERT INTO tipo_mpios VALUES ('CO', '15', '368', 'JERICO');
INSERT INTO tipo_mpios VALUES ('CO', '15', '377', 'LABRANZAGRANDE');
INSERT INTO tipo_mpios VALUES ('CO', '15', '380', 'LA CAPILLA');
INSERT INTO tipo_mpios VALUES ('CO', '15', '401', 'LA VICTORIA');
INSERT INTO tipo_mpios VALUES ('CO', '15', '403', 'LA UVITA');
INSERT INTO tipo_mpios VALUES ('CO', '15', '407', 'VILLA DE LEIVA');
INSERT INTO tipo_mpios VALUES ('CO', '15', '425', 'MACANAL');
INSERT INTO tipo_mpios VALUES ('CO', '15', '442', 'MARIPI');
INSERT INTO tipo_mpios VALUES ('CO', '15', '455', 'MIRAFLORES');
INSERT INTO tipo_mpios VALUES ('CO', '15', '464', 'MONGUA');
INSERT INTO tipo_mpios VALUES ('CO', '15', '466', 'MONGUI');
INSERT INTO tipo_mpios VALUES ('CO', '15', '469', 'MONIQUIRA');
INSERT INTO tipo_mpios VALUES ('CO', '15', '476', 'MOTAVITA');
INSERT INTO tipo_mpios VALUES ('CO', '15', '480', 'MUZO');
INSERT INTO tipo_mpios VALUES ('CO', '15', '491', 'NOBSA');
INSERT INTO tipo_mpios VALUES ('CO', '15', '494', 'NUEVO COLON');
INSERT INTO tipo_mpios VALUES ('CO', '15', '500', 'OICATA');
INSERT INTO tipo_mpios VALUES ('CO', '15', '507', 'OTANCHE');
INSERT INTO tipo_mpios VALUES ('CO', '15', '511', 'PACHAVITA');
INSERT INTO tipo_mpios VALUES ('CO', '15', '514', 'PAEZ');
INSERT INTO tipo_mpios VALUES ('CO', '15', '516', 'PAIPA');
INSERT INTO tipo_mpios VALUES ('CO', '15', '518', 'PAJARITO');
INSERT INTO tipo_mpios VALUES ('CO', '15', '522', 'PANQUEBA');
INSERT INTO tipo_mpios VALUES ('CO', '15', '531', 'PAUNA');
INSERT INTO tipo_mpios VALUES ('CO', '15', '533', 'PAYA');
INSERT INTO tipo_mpios VALUES ('CO', '15', '537', 'PAZ DEL RIO');
INSERT INTO tipo_mpios VALUES ('CO', '15', '542', 'PESCA');
INSERT INTO tipo_mpios VALUES ('CO', '15', '550', 'PISBA');
INSERT INTO tipo_mpios VALUES ('CO', '15', '572', 'PUERTO BOYACA');
INSERT INTO tipo_mpios VALUES ('CO', '15', '580', 'QUIPAMA');
INSERT INTO tipo_mpios VALUES ('CO', '15', '599', 'RAMIRIQUI');
INSERT INTO tipo_mpios VALUES ('CO', '15', '600', 'RAQUIRA');
INSERT INTO tipo_mpios VALUES ('CO', '15', '621', 'RONDON');
INSERT INTO tipo_mpios VALUES ('CO', '15', '632', 'SABOYA');
INSERT INTO tipo_mpios VALUES ('CO', '15', '638', 'SACHICA');
INSERT INTO tipo_mpios VALUES ('CO', '15', '646', 'SAMACA');
INSERT INTO tipo_mpios VALUES ('CO', '15', '660', 'SAN EDUARDO');
INSERT INTO tipo_mpios VALUES ('CO', '15', '664', 'SAN JOSE DE PARE');
INSERT INTO tipo_mpios VALUES ('CO', '15', '667', 'SAN LUIS DE GACENO');
INSERT INTO tipo_mpios VALUES ('CO', '15', '673', 'SAN MATEO');
INSERT INTO tipo_mpios VALUES ('CO', '15', '676', 'SAN MIGUEL DE SEMA');
INSERT INTO tipo_mpios VALUES ('CO', '15', '681', 'SAN PABLO DE BORBUR');
INSERT INTO tipo_mpios VALUES ('CO', '15', '686', 'SANTANA');
INSERT INTO tipo_mpios VALUES ('CO', '15', '690', 'SANTA MARIA');
INSERT INTO tipo_mpios VALUES ('CO', '15', '693', 'SANTA ROSA DE VITERBO');
INSERT INTO tipo_mpios VALUES ('CO', '15', '696', 'SANTA SOFIA');
INSERT INTO tipo_mpios VALUES ('CO', '15', '720', 'SATIVANORTE');
INSERT INTO tipo_mpios VALUES ('CO', '15', '723', 'SATIVASUR');
INSERT INTO tipo_mpios VALUES ('CO', '15', '740', 'SIACHOQUE');
INSERT INTO tipo_mpios VALUES ('CO', '15', '753', 'SOATA');
INSERT INTO tipo_mpios VALUES ('CO', '15', '755', 'SOCOTA');
INSERT INTO tipo_mpios VALUES ('CO', '15', '757', 'SOCHA');
INSERT INTO tipo_mpios VALUES ('CO', '15', '759', 'SOGAMOSO');
INSERT INTO tipo_mpios VALUES ('CO', '15', '761', 'SOMONDOCO');
INSERT INTO tipo_mpios VALUES ('CO', '15', '762', 'SORA');
INSERT INTO tipo_mpios VALUES ('CO', '15', '763', 'SOTAQUIRA');
INSERT INTO tipo_mpios VALUES ('CO', '15', '764', 'SORACA');
INSERT INTO tipo_mpios VALUES ('CO', '15', '774', 'SUSACON');
INSERT INTO tipo_mpios VALUES ('CO', '15', '776', 'SUTAMARCHAN');
INSERT INTO tipo_mpios VALUES ('CO', '15', '778', 'SUTATENZA');
INSERT INTO tipo_mpios VALUES ('CO', '15', '790', 'TASCO');
INSERT INTO tipo_mpios VALUES ('CO', '15', '798', 'TENZA');
INSERT INTO tipo_mpios VALUES ('CO', '15', '804', 'TIBANA');
INSERT INTO tipo_mpios VALUES ('CO', '15', '806', 'TIBASOSA');
INSERT INTO tipo_mpios VALUES ('CO', '15', '808', 'TINJACA');
INSERT INTO tipo_mpios VALUES ('CO', '15', '810', 'TIPACOQUE');
INSERT INTO tipo_mpios VALUES ('CO', '15', '814', 'TOCA');
INSERT INTO tipo_mpios VALUES ('CO', '15', '816', 'TOGUI');
INSERT INTO tipo_mpios VALUES ('CO', '15', '820', 'TOPAGA');
INSERT INTO tipo_mpios VALUES ('CO', '15', '822', 'TOTA');
INSERT INTO tipo_mpios VALUES ('CO', '15', '832', 'TUNUNGUA');
INSERT INTO tipo_mpios VALUES ('CO', '15', '835', 'TURMEQUE');
INSERT INTO tipo_mpios VALUES ('CO', '15', '837', 'TUTA');
INSERT INTO tipo_mpios VALUES ('CO', '15', '839', 'TUTASA');
INSERT INTO tipo_mpios VALUES ('CO', '15', '842', 'UMBITA');
INSERT INTO tipo_mpios VALUES ('CO', '15', '861', 'VENTAQUEMADA');
INSERT INTO tipo_mpios VALUES ('CO', '15', '879', 'VIRACACHA');
INSERT INTO tipo_mpios VALUES ('CO', '15', '897', 'ZETAQUIRA');
INSERT INTO tipo_mpios VALUES ('CO', '17', '001', 'MANIZALES');
INSERT INTO tipo_mpios VALUES ('CO', '17', '013', 'AGUADAS');
INSERT INTO tipo_mpios VALUES ('CO', '17', '042', 'ANSERMA');
INSERT INTO tipo_mpios VALUES ('CO', '17', '050', 'ARANZAZU');
INSERT INTO tipo_mpios VALUES ('CO', '17', '088', 'BELALCAZAR');
INSERT INTO tipo_mpios VALUES ('CO', '17', '174', 'CHINCHINA');
INSERT INTO tipo_mpios VALUES ('CO', '17', '272', 'FILADELFIA');
INSERT INTO tipo_mpios VALUES ('CO', '17', '380', 'LA DORADA');
INSERT INTO tipo_mpios VALUES ('CO', '17', '388', 'LA MERCED');
INSERT INTO tipo_mpios VALUES ('CO', '17', '433', 'MANZANARES');
INSERT INTO tipo_mpios VALUES ('CO', '17', '442', 'MARMATO');
INSERT INTO tipo_mpios VALUES ('CO', '17', '444', 'MARQUETALIA');
INSERT INTO tipo_mpios VALUES ('CO', '17', '446', 'MARULANDA');
INSERT INTO tipo_mpios VALUES ('CO', '17', '486', 'NEIRA');
INSERT INTO tipo_mpios VALUES ('CO', '17', '495', 'NORCASIA');
INSERT INTO tipo_mpios VALUES ('CO', '17', '513', 'PACORA');
INSERT INTO tipo_mpios VALUES ('CO', '17', '524', 'PALESTINA');
INSERT INTO tipo_mpios VALUES ('CO', '17', '541', 'PENSILVANIA');
INSERT INTO tipo_mpios VALUES ('CO', '17', '614', 'RIOSUCIO');
INSERT INTO tipo_mpios VALUES ('CO', '17', '616', 'RISARALDA');
INSERT INTO tipo_mpios VALUES ('CO', '17', '653', 'SALAMINA');
INSERT INTO tipo_mpios VALUES ('CO', '17', '662', 'SAMANA');
INSERT INTO tipo_mpios VALUES ('CO', '17', '665', 'SAN JOSE');
INSERT INTO tipo_mpios VALUES ('CO', '17', '777', 'SUPIA');
INSERT INTO tipo_mpios VALUES ('CO', '17', '867', 'VICTORIA');
INSERT INTO tipo_mpios VALUES ('CO', '17', '873', 'VILLAMARIA');
INSERT INTO tipo_mpios VALUES ('CO', '17', '877', 'VITERBO');
INSERT INTO tipo_mpios VALUES ('CO', '18', '001', 'FLORENCIA');
INSERT INTO tipo_mpios VALUES ('CO', '18', '029', 'ALBANIA');
INSERT INTO tipo_mpios VALUES ('CO', '18', '094', 'BELEN DE LOS ANDAQUIES');
INSERT INTO tipo_mpios VALUES ('CO', '18', '150', 'CARTAGENA DEL CHAIRA');
INSERT INTO tipo_mpios VALUES ('CO', '18', '205', 'CURILLO');
INSERT INTO tipo_mpios VALUES ('CO', '18', '247', 'EL DONCELLO');
INSERT INTO tipo_mpios VALUES ('CO', '18', '256', 'EL PAUJIL');
INSERT INTO tipo_mpios VALUES ('CO', '18', '410', 'LA MONTAÑITA');
INSERT INTO tipo_mpios VALUES ('CO', '18', '460', 'MILAN');
INSERT INTO tipo_mpios VALUES ('CO', '18', '479', 'MORELIA');
INSERT INTO tipo_mpios VALUES ('CO', '18', '592', 'PUERTO RICO');
INSERT INTO tipo_mpios VALUES ('CO', '18', '610', 'SAN JOSE DE FRAGUA');
INSERT INTO tipo_mpios VALUES ('CO', '18', '753', 'SAN  VICENTE DEL CAGUAN');
INSERT INTO tipo_mpios VALUES ('CO', '18', '756', 'SOLANO');
INSERT INTO tipo_mpios VALUES ('CO', '18', '785', 'SOLITA');
INSERT INTO tipo_mpios VALUES ('CO', '18', '860', 'VALPARAISO');
INSERT INTO tipo_mpios VALUES ('CO', '19', '001', 'POPAYAN');
INSERT INTO tipo_mpios VALUES ('CO', '19', '022', 'ALMAGUER');
INSERT INTO tipo_mpios VALUES ('CO', '19', '050', 'ARGELIA');
INSERT INTO tipo_mpios VALUES ('CO', '19', '075', 'BALBOA');
INSERT INTO tipo_mpios VALUES ('CO', '19', '100', 'BOLIVAR');
INSERT INTO tipo_mpios VALUES ('CO', '19', '110', 'BUENOS AIRES');
INSERT INTO tipo_mpios VALUES ('CO', '19', '130', 'CAJIBIO');
INSERT INTO tipo_mpios VALUES ('CO', '19', '137', 'CALDONO');
INSERT INTO tipo_mpios VALUES ('CO', '19', '142', 'CALOTO');
INSERT INTO tipo_mpios VALUES ('CO', '19', '212', 'CORINTO');
INSERT INTO tipo_mpios VALUES ('CO', '19', '256', 'EL TAMBO');
INSERT INTO tipo_mpios VALUES ('CO', '19', '290', 'FLORENCIA');
INSERT INTO tipo_mpios VALUES ('CO', '19', '318', 'GUAPI');
INSERT INTO tipo_mpios VALUES ('CO', '19', '355', 'INZA');
INSERT INTO tipo_mpios VALUES ('CO', '19', '364', 'JAMBALO');
INSERT INTO tipo_mpios VALUES ('CO', '19', '392', 'LA SIERRA');
INSERT INTO tipo_mpios VALUES ('CO', '19', '397', 'LA VEGA');
INSERT INTO tipo_mpios VALUES ('CO', '19', '418', 'LOPEZ (MICAY)');
INSERT INTO tipo_mpios VALUES ('CO', '19', '450', 'MERCADERES');
INSERT INTO tipo_mpios VALUES ('CO', '19', '455', 'MIRANDA');
INSERT INTO tipo_mpios VALUES ('CO', '19', '473', 'MORALES');
INSERT INTO tipo_mpios VALUES ('CO', '19', '513', 'PADILLA');
INSERT INTO tipo_mpios VALUES ('CO', '19', '517', 'PAEZ (BELALCAZAR)');
INSERT INTO tipo_mpios VALUES ('CO', '19', '532', 'PATIA (EL BORDO)');
INSERT INTO tipo_mpios VALUES ('CO', '19', '533', 'PIAMONTE');
INSERT INTO tipo_mpios VALUES ('CO', '19', '548', 'PIENDAMO');
INSERT INTO tipo_mpios VALUES ('CO', '19', '573', 'PUERTO TEJADA');
INSERT INTO tipo_mpios VALUES ('CO', '19', '585', 'PURACE (COCONUCO)');
INSERT INTO tipo_mpios VALUES ('CO', '19', '622', 'ROSAS');
INSERT INTO tipo_mpios VALUES ('CO', '19', '693', 'SAN SEBASTIAN');
INSERT INTO tipo_mpios VALUES ('CO', '19', '698', 'SANTANDER DE QUILICHAO');
INSERT INTO tipo_mpios VALUES ('CO', '19', '701', 'SANTA ROSA');
INSERT INTO tipo_mpios VALUES ('CO', '19', '743', 'SILVIA');
INSERT INTO tipo_mpios VALUES ('CO', '19', '760', 'SOTARA (PAISPAMBA)');
INSERT INTO tipo_mpios VALUES ('CO', '19', '780', 'SUAREZ');
INSERT INTO tipo_mpios VALUES ('CO', '19', '807', 'TIMBIO');
INSERT INTO tipo_mpios VALUES ('CO', '19', '809', 'TIMBIQUI');
INSERT INTO tipo_mpios VALUES ('CO', '19', '821', 'TORIBIO');
INSERT INTO tipo_mpios VALUES ('CO', '19', '824', 'TOTORO');
INSERT INTO tipo_mpios VALUES ('CO', '19', '845', 'VILLARICA');
INSERT INTO tipo_mpios VALUES ('CO', '20', '001', 'VALLEDUPAR');
INSERT INTO tipo_mpios VALUES ('CO', '20', '011', 'AGUACHICA');
INSERT INTO tipo_mpios VALUES ('CO', '20', '013', 'AGUSTIN CODAZZI');
INSERT INTO tipo_mpios VALUES ('CO', '20', '032', 'ASTREA');
INSERT INTO tipo_mpios VALUES ('CO', '20', '045', 'BECERRIL');
INSERT INTO tipo_mpios VALUES ('CO', '20', '060', 'BOSCONIA');
INSERT INTO tipo_mpios VALUES ('CO', '20', '175', 'CHIMICHAGUA');
INSERT INTO tipo_mpios VALUES ('CO', '20', '178', 'CHIRIGUANA');
INSERT INTO tipo_mpios VALUES ('CO', '20', '228', 'CURUMANI');
INSERT INTO tipo_mpios VALUES ('CO', '20', '238', 'EL COPEY');
INSERT INTO tipo_mpios VALUES ('CO', '20', '250', 'EL PASO');
INSERT INTO tipo_mpios VALUES ('CO', '20', '295', 'GAMARRA');
INSERT INTO tipo_mpios VALUES ('CO', '20', '310', 'GONZALEZ');
INSERT INTO tipo_mpios VALUES ('CO', '20', '383', 'LA GLORIA');
INSERT INTO tipo_mpios VALUES ('CO', '20', '400', 'LA JAGUA IBIRICO');
INSERT INTO tipo_mpios VALUES ('CO', '20', '443', 'MANAURE (BALCON DEL CESAR)');
INSERT INTO tipo_mpios VALUES ('CO', '20', '517', 'PAILITAS');
INSERT INTO tipo_mpios VALUES ('CO', '20', '550', 'PELAYA');
INSERT INTO tipo_mpios VALUES ('CO', '20', '570', 'PUEBLO BELLO');
INSERT INTO tipo_mpios VALUES ('CO', '20', '614', 'RIO DE ORO');
INSERT INTO tipo_mpios VALUES ('CO', '20', '621', 'LA PAZ (ROBLES)');
INSERT INTO tipo_mpios VALUES ('CO', '20', '710', 'SAN ALBERTO');
INSERT INTO tipo_mpios VALUES ('CO', '20', '750', 'SAN DIEGO');
INSERT INTO tipo_mpios VALUES ('CO', '20', '770', 'SAN MARTIN');
INSERT INTO tipo_mpios VALUES ('CO', '20', '787', 'TAMALAMEQUE');
INSERT INTO tipo_mpios VALUES ('CO', '23', '001', 'MONTERIA');
INSERT INTO tipo_mpios VALUES ('CO', '23', '068', 'AYAPEL');
INSERT INTO tipo_mpios VALUES ('CO', '23', '079', 'BUENAVISTA');
INSERT INTO tipo_mpios VALUES ('CO', '23', '090', 'CANALETE');
INSERT INTO tipo_mpios VALUES ('CO', '23', '162', 'CERETE');
INSERT INTO tipo_mpios VALUES ('CO', '23', '168', 'CHIMA');
INSERT INTO tipo_mpios VALUES ('CO', '23', '182', 'CHINU');
INSERT INTO tipo_mpios VALUES ('CO', '23', '189', 'CIENAGA DE ORO');
INSERT INTO tipo_mpios VALUES ('CO', '23', '300', 'COTORRA');
INSERT INTO tipo_mpios VALUES ('CO', '23', '350', 'LA APARTADA');
INSERT INTO tipo_mpios VALUES ('CO', '23', '417', 'LORICA');
INSERT INTO tipo_mpios VALUES ('CO', '23', '419', 'LOS CORDOBAS');
INSERT INTO tipo_mpios VALUES ('CO', '23', '464', 'MOMIL');
INSERT INTO tipo_mpios VALUES ('CO', '23', '466', 'MONTELIBANO');
INSERT INTO tipo_mpios VALUES ('CO', '23', '500', 'MOÑITOS');
INSERT INTO tipo_mpios VALUES ('CO', '23', '555', 'PLANETA RICA');
INSERT INTO tipo_mpios VALUES ('CO', '23', '570', 'PUEBLO NUEVO');
INSERT INTO tipo_mpios VALUES ('CO', '23', '574', 'PUERTO ESCONDIDO');
INSERT INTO tipo_mpios VALUES ('CO', '23', '580', 'PUERTO LIBERTADOR');
INSERT INTO tipo_mpios VALUES ('CO', '23', '586', 'PURISIMA');
INSERT INTO tipo_mpios VALUES ('CO', '23', '660', 'SAHAGUN');
INSERT INTO tipo_mpios VALUES ('CO', '23', '670', 'SAN ANDRES SOTAVENTO');
INSERT INTO tipo_mpios VALUES ('CO', '23', '672', 'SAN ANTERO');
INSERT INTO tipo_mpios VALUES ('CO', '23', '675', 'SAN BERNARDO DEL VIENTO');
INSERT INTO tipo_mpios VALUES ('CO', '23', '678', 'SAN CARLOS');
INSERT INTO tipo_mpios VALUES ('CO', '23', '686', 'SAN PELAYO');
INSERT INTO tipo_mpios VALUES ('CO', '23', '807', 'TIERRALTA');
INSERT INTO tipo_mpios VALUES ('CO', '23', '855', 'VALENCIA');
INSERT INTO tipo_mpios VALUES ('CO', '25', '001', 'AGUA DE DIOS');
INSERT INTO tipo_mpios VALUES ('CO', '25', '019', 'ALBAN');
INSERT INTO tipo_mpios VALUES ('CO', '25', '035', 'ANAPOIMA');
INSERT INTO tipo_mpios VALUES ('CO', '25', '040', 'ANOLAIMA');
INSERT INTO tipo_mpios VALUES ('CO', '25', '053', 'ARBELAEZ');
INSERT INTO tipo_mpios VALUES ('CO', '25', '086', 'BELTRAN');
INSERT INTO tipo_mpios VALUES ('CO', '25', '095', 'BITUIMA');
INSERT INTO tipo_mpios VALUES ('CO', '25', '099', 'BOJACA');
INSERT INTO tipo_mpios VALUES ('CO', '25', '120', 'CABRERA');
INSERT INTO tipo_mpios VALUES ('CO', '25', '123', 'CACHIPAY');
INSERT INTO tipo_mpios VALUES ('CO', '25', '126', 'CAJICA');
INSERT INTO tipo_mpios VALUES ('CO', '25', '148', 'CAPARRAPI');
INSERT INTO tipo_mpios VALUES ('CO', '25', '151', 'CAQUEZA');
INSERT INTO tipo_mpios VALUES ('CO', '25', '154', 'CARMEN DE CARUPA');
INSERT INTO tipo_mpios VALUES ('CO', '25', '168', 'CHAGUANI');
INSERT INTO tipo_mpios VALUES ('CO', '25', '175', 'CHIA');
INSERT INTO tipo_mpios VALUES ('CO', '25', '178', 'CHIPAQUE');
INSERT INTO tipo_mpios VALUES ('CO', '25', '181', 'CHOACHI');
INSERT INTO tipo_mpios VALUES ('CO', '25', '183', 'CHOCONTA');
INSERT INTO tipo_mpios VALUES ('CO', '25', '200', 'COGUA');
INSERT INTO tipo_mpios VALUES ('CO', '25', '214', 'COTA');
INSERT INTO tipo_mpios VALUES ('CO', '25', '224', 'CUCUNUBA');
INSERT INTO tipo_mpios VALUES ('CO', '25', '245', 'EL COLEGIO');
INSERT INTO tipo_mpios VALUES ('CO', '25', '258', 'EL PEÑON');
INSERT INTO tipo_mpios VALUES ('CO', '25', '260', 'EL ROSAL');
INSERT INTO tipo_mpios VALUES ('CO', '25', '269', 'FACATATIVA');
INSERT INTO tipo_mpios VALUES ('CO', '25', '279', 'FOMEQUE');
INSERT INTO tipo_mpios VALUES ('CO', '25', '281', 'FOSCA');
INSERT INTO tipo_mpios VALUES ('CO', '25', '286', 'FUNZA');
INSERT INTO tipo_mpios VALUES ('CO', '25', '288', 'FUQUENE');
INSERT INTO tipo_mpios VALUES ('CO', '25', '290', 'FUSAGASUGA');
INSERT INTO tipo_mpios VALUES ('CO', '25', '293', 'GACHALA');
INSERT INTO tipo_mpios VALUES ('CO', '25', '295', 'GACHANCIPA');
INSERT INTO tipo_mpios VALUES ('CO', '25', '297', 'GACHETA');
INSERT INTO tipo_mpios VALUES ('CO', '25', '299', 'GAMA');
INSERT INTO tipo_mpios VALUES ('CO', '25', '307', 'GIRARDOT');
INSERT INTO tipo_mpios VALUES ('CO', '25', '312', 'GRANADA');
INSERT INTO tipo_mpios VALUES ('CO', '25', '317', 'GUACHETA');
INSERT INTO tipo_mpios VALUES ('CO', '25', '320', 'GUADUAS');
INSERT INTO tipo_mpios VALUES ('CO', '25', '322', 'GUASCA');
INSERT INTO tipo_mpios VALUES ('CO', '25', '324', 'GUATAQUI');
INSERT INTO tipo_mpios VALUES ('CO', '25', '326', 'GUATAVITA');
INSERT INTO tipo_mpios VALUES ('CO', '25', '328', 'GUAYABAL DE SIQUIMA');
INSERT INTO tipo_mpios VALUES ('CO', '25', '335', 'GUAYABETAL');
INSERT INTO tipo_mpios VALUES ('CO', '25', '339', 'GUTIERREZ');
INSERT INTO tipo_mpios VALUES ('CO', '25', '368', 'JERUSALEN');
INSERT INTO tipo_mpios VALUES ('CO', '25', '372', 'JUNIN');
INSERT INTO tipo_mpios VALUES ('CO', '25', '377', 'LA CALERA');
INSERT INTO tipo_mpios VALUES ('CO', '25', '386', 'LA MESA');
INSERT INTO tipo_mpios VALUES ('CO', '25', '394', 'LA PALMA');
INSERT INTO tipo_mpios VALUES ('CO', '25', '398', 'LA PEÑA');
INSERT INTO tipo_mpios VALUES ('CO', '25', '402', 'LA VEGA');
INSERT INTO tipo_mpios VALUES ('CO', '25', '407', 'LENGUAZAQUE');
INSERT INTO tipo_mpios VALUES ('CO', '25', '426', 'MACHETA');
INSERT INTO tipo_mpios VALUES ('CO', '25', '430', 'MADRID');
INSERT INTO tipo_mpios VALUES ('CO', '25', '436', 'MANTA');
INSERT INTO tipo_mpios VALUES ('CO', '25', '438', 'MEDINA');
INSERT INTO tipo_mpios VALUES ('CO', '25', '473', 'MOSQUERA');
INSERT INTO tipo_mpios VALUES ('CO', '25', '483', 'NARIÑO');
INSERT INTO tipo_mpios VALUES ('CO', '25', '486', 'NEMOCON');
INSERT INTO tipo_mpios VALUES ('CO', '25', '488', 'NILO');
INSERT INTO tipo_mpios VALUES ('CO', '25', '489', 'NIMAIMA');
INSERT INTO tipo_mpios VALUES ('CO', '25', '491', 'NOCAIMA');
INSERT INTO tipo_mpios VALUES ('CO', '25', '506', 'VENECIA (OSPINA PEREZ)');
INSERT INTO tipo_mpios VALUES ('CO', '25', '513', 'PACHO');
INSERT INTO tipo_mpios VALUES ('CO', '25', '518', 'PAIME');
INSERT INTO tipo_mpios VALUES ('CO', '25', '524', 'PANDI');
INSERT INTO tipo_mpios VALUES ('CO', '25', '530', 'PARATEBUENO');
INSERT INTO tipo_mpios VALUES ('CO', '25', '535', 'PASCA');
INSERT INTO tipo_mpios VALUES ('CO', '25', '572', 'PUERTO SALGAR');
INSERT INTO tipo_mpios VALUES ('CO', '25', '580', 'PULI');
INSERT INTO tipo_mpios VALUES ('CO', '25', '592', 'QUEBRADANEGRA');
INSERT INTO tipo_mpios VALUES ('CO', '25', '594', 'QUETAME');
INSERT INTO tipo_mpios VALUES ('CO', '25', '596', 'QUIPILE');
INSERT INTO tipo_mpios VALUES ('CO', '25', '599', 'APULO (RAFAEL REYES)');
INSERT INTO tipo_mpios VALUES ('CO', '25', '612', 'RICAURTE');
INSERT INTO tipo_mpios VALUES ('CO', '25', '645', 'SAN ANTONIO DEL TEQUENDAMA');
INSERT INTO tipo_mpios VALUES ('CO', '25', '649', 'SAN BERNARDO');
INSERT INTO tipo_mpios VALUES ('CO', '25', '653', 'SAN CAYETANO');
INSERT INTO tipo_mpios VALUES ('CO', '25', '658', 'SAN FRANCISCO');
INSERT INTO tipo_mpios VALUES ('CO', '25', '662', 'SAN JUAN DE RIOSECO');
INSERT INTO tipo_mpios VALUES ('CO', '25', '718', 'SASAIMA');
INSERT INTO tipo_mpios VALUES ('CO', '25', '736', 'SESQUILE');
INSERT INTO tipo_mpios VALUES ('CO', '25', '740', 'SIBATE');
INSERT INTO tipo_mpios VALUES ('CO', '25', '743', 'SILVANIA');
INSERT INTO tipo_mpios VALUES ('CO', '25', '745', 'SIMIJACA');
INSERT INTO tipo_mpios VALUES ('CO', '25', '754', 'SOACHA');
INSERT INTO tipo_mpios VALUES ('CO', '25', '758', 'SOPO');
INSERT INTO tipo_mpios VALUES ('CO', '25', '769', 'SUBACHOQUE');
INSERT INTO tipo_mpios VALUES ('CO', '25', '772', 'SUESCA');
INSERT INTO tipo_mpios VALUES ('CO', '25', '777', 'SUPATA');
INSERT INTO tipo_mpios VALUES ('CO', '25', '779', 'SUSA');
INSERT INTO tipo_mpios VALUES ('CO', '25', '781', 'SUTATAUSA');
INSERT INTO tipo_mpios VALUES ('CO', '25', '785', 'TABIO');
INSERT INTO tipo_mpios VALUES ('CO', '25', '793', 'TAUSA');
INSERT INTO tipo_mpios VALUES ('CO', '25', '797', 'TENA');
INSERT INTO tipo_mpios VALUES ('CO', '25', '799', 'TENJO');
INSERT INTO tipo_mpios VALUES ('CO', '25', '805', 'TIBACUY');
INSERT INTO tipo_mpios VALUES ('CO', '25', '807', 'TIBIRITA');
INSERT INTO tipo_mpios VALUES ('CO', '25', '815', 'TOCAIMA');
INSERT INTO tipo_mpios VALUES ('CO', '25', '817', 'TOCANCIPA');
INSERT INTO tipo_mpios VALUES ('CO', '25', '823', 'TOPAIPI');
INSERT INTO tipo_mpios VALUES ('CO', '25', '839', 'UBALA');
INSERT INTO tipo_mpios VALUES ('CO', '25', '841', 'UBAQUE');
INSERT INTO tipo_mpios VALUES ('CO', '25', '843', 'UBATE');
INSERT INTO tipo_mpios VALUES ('CO', '25', '845', 'UNE');
INSERT INTO tipo_mpios VALUES ('CO', '25', '851', 'UTICA');
INSERT INTO tipo_mpios VALUES ('CO', '25', '862', 'VERGARA');
INSERT INTO tipo_mpios VALUES ('CO', '25', '867', 'VIANI');
INSERT INTO tipo_mpios VALUES ('CO', '25', '871', 'VILLAGOMEZ');
INSERT INTO tipo_mpios VALUES ('CO', '25', '873', 'VILLAPINZON');
INSERT INTO tipo_mpios VALUES ('CO', '25', '875', 'VILLETA');
INSERT INTO tipo_mpios VALUES ('CO', '25', '878', 'VIOTA');
INSERT INTO tipo_mpios VALUES ('CO', '25', '885', 'YACOPI');
INSERT INTO tipo_mpios VALUES ('CO', '25', '898', 'ZIPACON');
INSERT INTO tipo_mpios VALUES ('CO', '25', '899', 'ZIPAQUIRA');
INSERT INTO tipo_mpios VALUES ('CO', '27', '001', 'QUIBDO SAN FRANCISCO DE QUIBDO');
INSERT INTO tipo_mpios VALUES ('CO', '27', '006', 'ACANDI');
INSERT INTO tipo_mpios VALUES ('CO', '27', '025', 'ALTO BAUDO (PIE DE PATO)');
INSERT INTO tipo_mpios VALUES ('CO', '27', '050', 'ATRATO');
INSERT INTO tipo_mpios VALUES ('CO', '27', '073', 'BAGADO');
INSERT INTO tipo_mpios VALUES ('CO', '27', '075', 'BAHIA SOLANO (MUTIS)');
INSERT INTO tipo_mpios VALUES ('CO', '27', '077', 'BAJO BAUDO (PIZARRO)');
INSERT INTO tipo_mpios VALUES ('CO', '27', '099', 'BOJAYA (BELLAVISTA)');
INSERT INTO tipo_mpios VALUES ('CO', '27', '135', 'CANTON DE SAN PABLO (MANAGRU)');
INSERT INTO tipo_mpios VALUES ('CO', '27', '205', 'CONDOTO');
INSERT INTO tipo_mpios VALUES ('CO', '27', '245', 'EL CARMEN DE ATRATO');
INSERT INTO tipo_mpios VALUES ('CO', '27', '250', 'LITORAL DEL BAJO SAN JUAN ');
INSERT INTO tipo_mpios VALUES ('CO', '27', '361', 'ISTMINA');
INSERT INTO tipo_mpios VALUES ('CO', '27', '372', 'JURADO');
INSERT INTO tipo_mpios VALUES ('CO', '27', '413', 'LLORO');
INSERT INTO tipo_mpios VALUES ('CO', '27', '425', 'MEDIO ATRATO');
INSERT INTO tipo_mpios VALUES ('CO', '27', '430', 'MEDIO BAUDO');
INSERT INTO tipo_mpios VALUES ('CO', '27', '491', 'NOVITA');
INSERT INTO tipo_mpios VALUES ('CO', '27', '495', 'NUQUI');
INSERT INTO tipo_mpios VALUES ('CO', '27', '600', 'RIOQUITO');
INSERT INTO tipo_mpios VALUES ('CO', '27', '615', 'RIOSUCIO');
INSERT INTO tipo_mpios VALUES ('CO', '27', '660', 'SAN JOSE DEL PALMAR');
INSERT INTO tipo_mpios VALUES ('CO', '27', '745', 'SIPI');
INSERT INTO tipo_mpios VALUES ('CO', '27', '787', 'TADO');
INSERT INTO tipo_mpios VALUES ('CO', '27', '800', 'UNGUIA');
INSERT INTO tipo_mpios VALUES ('CO', '27', '810', 'UNION PANAMERICANA');
INSERT INTO tipo_mpios VALUES ('CO', '41', '001', 'NEIVA');
INSERT INTO tipo_mpios VALUES ('CO', '41', '006', 'ACEVEDO');
INSERT INTO tipo_mpios VALUES ('CO', '41', '013', 'AGRADO');
INSERT INTO tipo_mpios VALUES ('CO', '41', '016', 'AIPE');
INSERT INTO tipo_mpios VALUES ('CO', '41', '020', 'ALGECIRAS');
INSERT INTO tipo_mpios VALUES ('CO', '41', '026', 'ALTAMIRA');
INSERT INTO tipo_mpios VALUES ('CO', '41', '078', 'BARAYA');
INSERT INTO tipo_mpios VALUES ('CO', '41', '132', 'CAMPOALEGRE');
INSERT INTO tipo_mpios VALUES ('CO', '41', '206', 'COLOMBIA');
INSERT INTO tipo_mpios VALUES ('CO', '41', '244', 'ELIAS');
INSERT INTO tipo_mpios VALUES ('CO', '41', '298', 'GARZON');
INSERT INTO tipo_mpios VALUES ('CO', '41', '306', 'GIGANTE');
INSERT INTO tipo_mpios VALUES ('CO', '41', '319', 'GUADALUPE');
INSERT INTO tipo_mpios VALUES ('CO', '41', '349', 'HOBO');
INSERT INTO tipo_mpios VALUES ('CO', '41', '357', 'IQUIRA');
INSERT INTO tipo_mpios VALUES ('CO', '41', '359', 'ISNOS (SAN JOSE DE ISNOS)');
INSERT INTO tipo_mpios VALUES ('CO', '41', '378', 'LA ARGENTINA');
INSERT INTO tipo_mpios VALUES ('CO', '41', '396', 'LA PLATA');
INSERT INTO tipo_mpios VALUES ('CO', '41', '483', 'NATAGA');
INSERT INTO tipo_mpios VALUES ('CO', '41', '503', 'OPORAPA');
INSERT INTO tipo_mpios VALUES ('CO', '41', '518', 'PAICOL');
INSERT INTO tipo_mpios VALUES ('CO', '41', '524', 'PALERMO');
INSERT INTO tipo_mpios VALUES ('CO', '41', '530', 'PALESTINA');
INSERT INTO tipo_mpios VALUES ('CO', '41', '548', 'PITAL');
INSERT INTO tipo_mpios VALUES ('CO', '41', '551', 'PITALITO');
INSERT INTO tipo_mpios VALUES ('CO', '41', '615', 'RIVERA');
INSERT INTO tipo_mpios VALUES ('CO', '41', '660', 'SALADOBLANCO');
INSERT INTO tipo_mpios VALUES ('CO', '41', '668', 'SAN AGUSTIN');
INSERT INTO tipo_mpios VALUES ('CO', '41', '676', 'SANTA MARIA');
INSERT INTO tipo_mpios VALUES ('CO', '41', '770', 'SUAZA');
INSERT INTO tipo_mpios VALUES ('CO', '41', '791', 'TARQUI');
INSERT INTO tipo_mpios VALUES ('CO', '41', '797', 'TESALIA');
INSERT INTO tipo_mpios VALUES ('CO', '41', '799', 'TELLO');
INSERT INTO tipo_mpios VALUES ('CO', '41', '801', 'TERUEL');
INSERT INTO tipo_mpios VALUES ('CO', '41', '807', 'TIMANA');
INSERT INTO tipo_mpios VALUES ('CO', '41', '872', 'VILLAVIEJA');
INSERT INTO tipo_mpios VALUES ('CO', '41', '885', 'YAGUARA');
INSERT INTO tipo_mpios VALUES ('CO', '44', '001', 'RIOHACHA');
INSERT INTO tipo_mpios VALUES ('CO', '44', '078', 'BARRANCAS');
INSERT INTO tipo_mpios VALUES ('CO', '44', '090', 'DIBULLA');
INSERT INTO tipo_mpios VALUES ('CO', '44', '098', 'DISTRACCION');
INSERT INTO tipo_mpios VALUES ('CO', '44', '110', 'EL MOLINO');
INSERT INTO tipo_mpios VALUES ('CO', '44', '279', 'FONSECA');
INSERT INTO tipo_mpios VALUES ('CO', '44', '378', 'HATONUEVO');
INSERT INTO tipo_mpios VALUES ('CO', '44', '420', 'LA JAGUA DEL PILAR');
INSERT INTO tipo_mpios VALUES ('CO', '44', '430', 'MAICAO');
INSERT INTO tipo_mpios VALUES ('CO', '44', '560', 'MANAURE');
INSERT INTO tipo_mpios VALUES ('CO', '44', '650', 'SAN JUAN DEL CESAR');
INSERT INTO tipo_mpios VALUES ('CO', '44', '847', 'URIBIA');
INSERT INTO tipo_mpios VALUES ('CO', '44', '855', 'URUMITA');
INSERT INTO tipo_mpios VALUES ('CO', '44', '874', 'VILLANUEVA');
INSERT INTO tipo_mpios VALUES ('CO', '47', '001', 'SANTA MARTA');
INSERT INTO tipo_mpios VALUES ('CO', '47', '030', 'ALGARROBO');
INSERT INTO tipo_mpios VALUES ('CO', '47', '053', 'ARACATACA');
INSERT INTO tipo_mpios VALUES ('CO', '47', '058', 'ARIGUANI (EL DIFICIL)');
INSERT INTO tipo_mpios VALUES ('CO', '47', '161', 'CERRO SAN ANTONIO');
INSERT INTO tipo_mpios VALUES ('CO', '47', '170', 'CHIVOLO');
INSERT INTO tipo_mpios VALUES ('CO', '47', '189', 'CIENAGA');
INSERT INTO tipo_mpios VALUES ('CO', '47', '205', 'CONCORDIA');
INSERT INTO tipo_mpios VALUES ('CO', '47', '245', 'EL BANCO');
INSERT INTO tipo_mpios VALUES ('CO', '47', '258', 'EL PIÑON');
INSERT INTO tipo_mpios VALUES ('CO', '47', '268', 'EL RETEN');
INSERT INTO tipo_mpios VALUES ('CO', '47', '288', 'FUNDACION');
INSERT INTO tipo_mpios VALUES ('CO', '47', '318', 'GUAMAL');
INSERT INTO tipo_mpios VALUES ('CO', '47', '541', 'PEDRAZA');
INSERT INTO tipo_mpios VALUES ('CO', '47', '545', 'PIJI?O DEL CARMEN (PIJIÑO)');
INSERT INTO tipo_mpios VALUES ('CO', '47', '551', 'PIVIJAY');
INSERT INTO tipo_mpios VALUES ('CO', '47', '555', 'PLATO');
INSERT INTO tipo_mpios VALUES ('CO', '47', '570', 'PUEBLOVIEJO');
INSERT INTO tipo_mpios VALUES ('CO', '47', '605', 'REMOLINO');
INSERT INTO tipo_mpios VALUES ('CO', '47', '660', 'SABANAS DE SAN ANGEL');
INSERT INTO tipo_mpios VALUES ('CO', '47', '675', 'SALAMINA');
INSERT INTO tipo_mpios VALUES ('CO', '47', '692', 'SAN SEBASTIAN DE BUENAVISTA');
INSERT INTO tipo_mpios VALUES ('CO', '47', '703', 'SAN ZENON');
INSERT INTO tipo_mpios VALUES ('CO', '47', '707', 'SANTA ANA');
INSERT INTO tipo_mpios VALUES ('CO', '47', '745', 'SITIONUEVO');
INSERT INTO tipo_mpios VALUES ('CO', '47', '798', 'TENERIFE');
INSERT INTO tipo_mpios VALUES ('CO', '50', '001', 'VILLAVICENCIO');
INSERT INTO tipo_mpios VALUES ('CO', '50', '006', 'ACACIAS');
INSERT INTO tipo_mpios VALUES ('CO', '50', '110', 'BARRANCA DE UPIA');
INSERT INTO tipo_mpios VALUES ('CO', '50', '124', 'CABUYARO');
INSERT INTO tipo_mpios VALUES ('CO', '50', '150', 'CASTILLA LA NUEVA');
INSERT INTO tipo_mpios VALUES ('CO', '50', '223', 'SAN LUIS DE CUBARRAL');
INSERT INTO tipo_mpios VALUES ('CO', '50', '226', 'CUMARAL');
INSERT INTO tipo_mpios VALUES ('CO', '50', '245', 'EL CALVARIO');
INSERT INTO tipo_mpios VALUES ('CO', '50', '251', 'EL CASTILLO');
INSERT INTO tipo_mpios VALUES ('CO', '50', '270', 'EL DORADO');
INSERT INTO tipo_mpios VALUES ('CO', '50', '287', 'FUENTE DE ORO');
INSERT INTO tipo_mpios VALUES ('CO', '50', '313', 'GRANADA');
INSERT INTO tipo_mpios VALUES ('CO', '50', '318', 'GUAMAL');
INSERT INTO tipo_mpios VALUES ('CO', '50', '325', 'MAPIRIPAN');
INSERT INTO tipo_mpios VALUES ('CO', '50', '330', 'MESETAS');
INSERT INTO tipo_mpios VALUES ('CO', '50', '350', 'LA MACARENA');
INSERT INTO tipo_mpios VALUES ('CO', '50', '370', 'LA URIBE');
INSERT INTO tipo_mpios VALUES ('CO', '50', '400', 'LEJANIAS');
INSERT INTO tipo_mpios VALUES ('CO', '50', '450', 'PUERTO CONCORDIA');
INSERT INTO tipo_mpios VALUES ('CO', '50', '568', 'PUERTO GAITAN');
INSERT INTO tipo_mpios VALUES ('CO', '50', '573', 'PUERTO LOPEZ');
INSERT INTO tipo_mpios VALUES ('CO', '50', '577', 'PUERTO LLERAS');
INSERT INTO tipo_mpios VALUES ('CO', '50', '590', 'PUERTO RICO');
INSERT INTO tipo_mpios VALUES ('CO', '50', '606', 'RESTREPO');
INSERT INTO tipo_mpios VALUES ('CO', '50', '680', 'SAN CARLOS DE GUAROA');
INSERT INTO tipo_mpios VALUES ('CO', '50', '683', 'SAN  JUAN DE ARAMA');
INSERT INTO tipo_mpios VALUES ('CO', '50', '686', 'SAN JUANITO');
INSERT INTO tipo_mpios VALUES ('CO', '50', '689', 'SAN MARTIN');
INSERT INTO tipo_mpios VALUES ('CO', '50', '711', 'VISTAHERMOSA');
INSERT INTO tipo_mpios VALUES ('CO', '52', '001', 'PASTO (SAN JUAN DE PASTO)');
INSERT INTO tipo_mpios VALUES ('CO', '52', '019', 'ALBAN (SAN JOSE)');
INSERT INTO tipo_mpios VALUES ('CO', '52', '022', 'ALDANA');
INSERT INTO tipo_mpios VALUES ('CO', '52', '036', 'ANCUYA');
INSERT INTO tipo_mpios VALUES ('CO', '52', '051', 'ARBOLEDA (BERRUECOS)');
INSERT INTO tipo_mpios VALUES ('CO', '52', '079', 'BARBACOAS');
INSERT INTO tipo_mpios VALUES ('CO', '52', '083', 'BELEN');
INSERT INTO tipo_mpios VALUES ('CO', '52', '110', 'BUESACO');
INSERT INTO tipo_mpios VALUES ('CO', '52', '203', 'COLON (GENOVA)');
INSERT INTO tipo_mpios VALUES ('CO', '52', '207', 'CONSACA');
INSERT INTO tipo_mpios VALUES ('CO', '52', '210', 'CONTADERO');
INSERT INTO tipo_mpios VALUES ('CO', '52', '215', 'CORDOBA');
INSERT INTO tipo_mpios VALUES ('CO', '52', '224', 'CUASPUD (CARLOSAMA)');
INSERT INTO tipo_mpios VALUES ('CO', '52', '227', 'CUMBAL');
INSERT INTO tipo_mpios VALUES ('CO', '52', '233', 'CUMBITARA');
INSERT INTO tipo_mpios VALUES ('CO', '52', '240', 'CHACHAGUI');
INSERT INTO tipo_mpios VALUES ('CO', '52', '250', 'EL CHARCO');
INSERT INTO tipo_mpios VALUES ('CO', '52', '254', 'EL PEÑOL');
INSERT INTO tipo_mpios VALUES ('CO', '52', '256', 'EL ROSARIO');
INSERT INTO tipo_mpios VALUES ('CO', '52', '258', 'EL TABLON');
INSERT INTO tipo_mpios VALUES ('CO', '52', '260', 'EL TAMBO');
INSERT INTO tipo_mpios VALUES ('CO', '52', '287', 'FUNES');
INSERT INTO tipo_mpios VALUES ('CO', '52', '317', 'GUACHUCAL');
INSERT INTO tipo_mpios VALUES ('CO', '52', '320', 'GUAITARILLA');
INSERT INTO tipo_mpios VALUES ('CO', '52', '323', 'GUALMATAN');
INSERT INTO tipo_mpios VALUES ('CO', '52', '352', 'ILES');
INSERT INTO tipo_mpios VALUES ('CO', '52', '354', 'IMUES');
INSERT INTO tipo_mpios VALUES ('CO', '52', '356', 'IPIALES');
INSERT INTO tipo_mpios VALUES ('CO', '52', '378', 'LA CRUZ');
INSERT INTO tipo_mpios VALUES ('CO', '52', '381', 'LA FLORIDA');
INSERT INTO tipo_mpios VALUES ('CO', '52', '385', 'LA LLANADA');
INSERT INTO tipo_mpios VALUES ('CO', '52', '390', 'LA TOLA');
INSERT INTO tipo_mpios VALUES ('CO', '52', '399', 'LA UNION');
INSERT INTO tipo_mpios VALUES ('CO', '52', '405', 'LEIVA');
INSERT INTO tipo_mpios VALUES ('CO', '52', '411', 'LINARES');
INSERT INTO tipo_mpios VALUES ('CO', '52', '418', 'LOS ANDES (SOTOMAYOR)');
INSERT INTO tipo_mpios VALUES ('CO', '52', '427', 'MAGUI (PAYAN)');
INSERT INTO tipo_mpios VALUES ('CO', '52', '435', 'MALLAMA (PIEDRANCHA)');
INSERT INTO tipo_mpios VALUES ('CO', '52', '473', 'MOSQUERA');
INSERT INTO tipo_mpios VALUES ('CO', '52', '490', 'OLAYA HERRERA_BOCAS DE SATINGA');
INSERT INTO tipo_mpios VALUES ('CO', '52', '506', 'OSPINA');
INSERT INTO tipo_mpios VALUES ('CO', '52', '520', 'FRANCISCO PIZARRO (SALAHONDA)');
INSERT INTO tipo_mpios VALUES ('CO', '52', '540', 'POLICARPA');
INSERT INTO tipo_mpios VALUES ('CO', '52', '560', 'POTOSI');
INSERT INTO tipo_mpios VALUES ('CO', '52', '565', 'PROVIDENCIA');
INSERT INTO tipo_mpios VALUES ('CO', '52', '573', 'PUERRES');
INSERT INTO tipo_mpios VALUES ('CO', '52', '585', 'PUPIALES');
INSERT INTO tipo_mpios VALUES ('CO', '52', '612', 'RICAURTE');
INSERT INTO tipo_mpios VALUES ('CO', '52', '621', 'ROBERTO PAYAN (SAN JOSE)');
INSERT INTO tipo_mpios VALUES ('CO', '52', '678', 'SAMANIEGO');
INSERT INTO tipo_mpios VALUES ('CO', '52', '683', 'SANDONA');
INSERT INTO tipo_mpios VALUES ('CO', '52', '685', 'SAN BERNARDO');
INSERT INTO tipo_mpios VALUES ('CO', '52', '687', 'SAN LORENZO');
INSERT INTO tipo_mpios VALUES ('CO', '52', '693', 'SAN PABLO');
INSERT INTO tipo_mpios VALUES ('CO', '52', '694', 'SAN PEDRO DE CARTAGO');
INSERT INTO tipo_mpios VALUES ('CO', '52', '696', 'SANTA BARBARA (ISCUANDE)');
INSERT INTO tipo_mpios VALUES ('CO', '52', '699', 'SANTA CRUZ (GUACHAVES)');
INSERT INTO tipo_mpios VALUES ('CO', '52', '720', 'SAPUYES');
INSERT INTO tipo_mpios VALUES ('CO', '52', '786', 'TAMINANGO');
INSERT INTO tipo_mpios VALUES ('CO', '52', '788', 'TANGUA');
INSERT INTO tipo_mpios VALUES ('CO', '52', '835', 'TUMACO');
INSERT INTO tipo_mpios VALUES ('CO', '52', '838', 'TUQUERRES');
INSERT INTO tipo_mpios VALUES ('CO', '52', '885', 'YACUANQUER');
INSERT INTO tipo_mpios VALUES ('CO', '54', '001', 'CUCUTA');
INSERT INTO tipo_mpios VALUES ('CO', '54', '003', 'ABREGO');
INSERT INTO tipo_mpios VALUES ('CO', '54', '051', 'ARBOLEDAS');
INSERT INTO tipo_mpios VALUES ('CO', '54', '099', 'BOCHALEMA');
INSERT INTO tipo_mpios VALUES ('CO', '54', '109', 'BUCARASICA');
INSERT INTO tipo_mpios VALUES ('CO', '54', '125', 'CACOTA');
INSERT INTO tipo_mpios VALUES ('CO', '54', '128', 'CACHIRA');
INSERT INTO tipo_mpios VALUES ('CO', '54', '172', 'CHINACOTA');
INSERT INTO tipo_mpios VALUES ('CO', '54', '174', 'CHITAGA');
INSERT INTO tipo_mpios VALUES ('CO', '54', '206', 'CONVENCION');
INSERT INTO tipo_mpios VALUES ('CO', '54', '223', 'CUCUTILLA');
INSERT INTO tipo_mpios VALUES ('CO', '54', '239', 'DURANIA');
INSERT INTO tipo_mpios VALUES ('CO', '54', '245', 'EL CARMEN');
INSERT INTO tipo_mpios VALUES ('CO', '54', '250', 'EL TARRA');
INSERT INTO tipo_mpios VALUES ('CO', '54', '261', 'EL ZULIA');
INSERT INTO tipo_mpios VALUES ('CO', '54', '313', 'GRAMALOTE');
INSERT INTO tipo_mpios VALUES ('CO', '54', '344', 'HACARI');
INSERT INTO tipo_mpios VALUES ('CO', '54', '347', 'HERRAN');
INSERT INTO tipo_mpios VALUES ('CO', '54', '377', 'LABATECA');
INSERT INTO tipo_mpios VALUES ('CO', '54', '385', 'LA ESPERANZA');
INSERT INTO tipo_mpios VALUES ('CO', '54', '398', 'LA PLAYA');
INSERT INTO tipo_mpios VALUES ('CO', '54', '405', 'LOS PATIOS');
INSERT INTO tipo_mpios VALUES ('CO', '54', '418', 'LOURDES');
INSERT INTO tipo_mpios VALUES ('CO', '54', '480', 'MUTISCUA');
INSERT INTO tipo_mpios VALUES ('CO', '54', '498', 'OCAÑA');
INSERT INTO tipo_mpios VALUES ('CO', '54', '518', 'PAMPLONA');
INSERT INTO tipo_mpios VALUES ('CO', '54', '520', 'PAMPLONITA');
INSERT INTO tipo_mpios VALUES ('CO', '54', '553', 'PUERTO SANTANDER');
INSERT INTO tipo_mpios VALUES ('CO', '54', '599', 'RAGONVALIA');
INSERT INTO tipo_mpios VALUES ('CO', '54', '660', 'SALAZAR');
INSERT INTO tipo_mpios VALUES ('CO', '54', '670', 'SAN CALIXTO');
INSERT INTO tipo_mpios VALUES ('CO', '54', '673', 'SAN CAYETANO');
INSERT INTO tipo_mpios VALUES ('CO', '54', '680', 'SANTIAGO');
INSERT INTO tipo_mpios VALUES ('CO', '54', '720', 'SARDINATA');
INSERT INTO tipo_mpios VALUES ('CO', '54', '743', 'SILOS');
INSERT INTO tipo_mpios VALUES ('CO', '54', '800', 'TEORAMA');
INSERT INTO tipo_mpios VALUES ('CO', '54', '810', 'TIBU');
INSERT INTO tipo_mpios VALUES ('CO', '54', '820', 'TOLEDO');
INSERT INTO tipo_mpios VALUES ('CO', '54', '871', 'VILLACARO');
INSERT INTO tipo_mpios VALUES ('CO', '54', '874', 'VILLA DEL ROSARIO');
INSERT INTO tipo_mpios VALUES ('CO', '63', '001', 'ARMENIA');
INSERT INTO tipo_mpios VALUES ('CO', '63', '111', 'BUENAVISTA');
INSERT INTO tipo_mpios VALUES ('CO', '63', '130', 'CALARCA');
INSERT INTO tipo_mpios VALUES ('CO', '63', '190', 'CIRCASIA');
INSERT INTO tipo_mpios VALUES ('CO', '63', '212', 'CORDOBA');
INSERT INTO tipo_mpios VALUES ('CO', '63', '272', 'FILANDIA');
INSERT INTO tipo_mpios VALUES ('CO', '63', '302', 'GENOVA');
INSERT INTO tipo_mpios VALUES ('CO', '63', '401', 'LA TEBAIDA');
INSERT INTO tipo_mpios VALUES ('CO', '63', '470', 'MONTENEGRO');
INSERT INTO tipo_mpios VALUES ('CO', '63', '548', 'PIJAO');
INSERT INTO tipo_mpios VALUES ('CO', '63', '594', 'QUIMBAYA');
INSERT INTO tipo_mpios VALUES ('CO', '63', '690', 'SALENTO');
INSERT INTO tipo_mpios VALUES ('CO', '66', '001', 'PEREIRA');
INSERT INTO tipo_mpios VALUES ('CO', '66', '045', 'APIA');
INSERT INTO tipo_mpios VALUES ('CO', '66', '075', 'BALBOA');
INSERT INTO tipo_mpios VALUES ('CO', '66', '088', 'BELEN DE UMBRIA');
INSERT INTO tipo_mpios VALUES ('CO', '66', '170', 'DOS QUEBRADAS');
INSERT INTO tipo_mpios VALUES ('CO', '66', '318', 'GUATICA');
INSERT INTO tipo_mpios VALUES ('CO', '66', '383', 'LA CELIA');
INSERT INTO tipo_mpios VALUES ('CO', '66', '400', 'LA VIRGINIA');
INSERT INTO tipo_mpios VALUES ('CO', '66', '440', 'MARSELLA');
INSERT INTO tipo_mpios VALUES ('CO', '66', '456', 'MISTRATO');
INSERT INTO tipo_mpios VALUES ('CO', '66', '572', 'PUEBLO RICO');
INSERT INTO tipo_mpios VALUES ('CO', '66', '594', 'QUINCHIA');
INSERT INTO tipo_mpios VALUES ('CO', '66', '682', 'SANTA ROSA DE CABAL');
INSERT INTO tipo_mpios VALUES ('CO', '66', '687', 'SANTUARIO');
INSERT INTO tipo_mpios VALUES ('CO', '68', '001', 'BUCARAMANGA');
INSERT INTO tipo_mpios VALUES ('CO', '68', '013', 'AGUADA');
INSERT INTO tipo_mpios VALUES ('CO', '68', '020', 'ALBANIA');
INSERT INTO tipo_mpios VALUES ('CO', '68', '051', 'ARATOCA');
INSERT INTO tipo_mpios VALUES ('CO', '68', '077', 'BARBOSA');
INSERT INTO tipo_mpios VALUES ('CO', '68', '079', 'BARICHARA');
INSERT INTO tipo_mpios VALUES ('CO', '68', '081', 'BARRANCABERMEJA');
INSERT INTO tipo_mpios VALUES ('CO', '68', '092', 'BETULIA');
INSERT INTO tipo_mpios VALUES ('CO', '68', '101', 'BOLIVAR');
INSERT INTO tipo_mpios VALUES ('CO', '68', '121', 'CABRERA');
INSERT INTO tipo_mpios VALUES ('CO', '68', '132', 'CALIFORNIA');
INSERT INTO tipo_mpios VALUES ('CO', '68', '147', 'CAPITANEJO');
INSERT INTO tipo_mpios VALUES ('CO', '68', '152', 'CARCASI');
INSERT INTO tipo_mpios VALUES ('CO', '68', '160', 'CEPITA');
INSERT INTO tipo_mpios VALUES ('CO', '68', '162', 'CERRITO');
INSERT INTO tipo_mpios VALUES ('CO', '68', '167', 'CHARALA');
INSERT INTO tipo_mpios VALUES ('CO', '68', '169', 'CHARTA');
INSERT INTO tipo_mpios VALUES ('CO', '68', '176', 'CHIMA');
INSERT INTO tipo_mpios VALUES ('CO', '68', '179', 'CHIPATA');
INSERT INTO tipo_mpios VALUES ('CO', '68', '190', 'CIMITARRA');
INSERT INTO tipo_mpios VALUES ('CO', '68', '207', 'CONCEPCION');
INSERT INTO tipo_mpios VALUES ('CO', '68', '209', 'CONFINES');
INSERT INTO tipo_mpios VALUES ('CO', '68', '211', 'CONTRATACION');
INSERT INTO tipo_mpios VALUES ('CO', '68', '217', 'COROMORO');
INSERT INTO tipo_mpios VALUES ('CO', '68', '229', 'CURITI');
INSERT INTO tipo_mpios VALUES ('CO', '68', '235', 'EL CARMEN DE CHUCURY');
INSERT INTO tipo_mpios VALUES ('CO', '68', '245', 'EL GUACAMAYO');
INSERT INTO tipo_mpios VALUES ('CO', '68', '250', 'EL PEÑON');
INSERT INTO tipo_mpios VALUES ('CO', '68', '255', 'EL PLAYON');
INSERT INTO tipo_mpios VALUES ('CO', '68', '264', 'ENCINO');
INSERT INTO tipo_mpios VALUES ('CO', '68', '266', 'ENCISO');
INSERT INTO tipo_mpios VALUES ('CO', '68', '271', 'FLORIAN');
INSERT INTO tipo_mpios VALUES ('CO', '68', '276', 'FLORIDABLANCA');
INSERT INTO tipo_mpios VALUES ('CO', '68', '296', 'GALAN');
INSERT INTO tipo_mpios VALUES ('CO', '68', '298', 'GAMBITA');
INSERT INTO tipo_mpios VALUES ('CO', '68', '307', 'GIRON');
INSERT INTO tipo_mpios VALUES ('CO', '68', '318', 'GUACA');
INSERT INTO tipo_mpios VALUES ('CO', '68', '320', 'GUADALUPE');
INSERT INTO tipo_mpios VALUES ('CO', '68', '322', 'GUAPOTA');
INSERT INTO tipo_mpios VALUES ('CO', '68', '324', 'GUAVATA');
INSERT INTO tipo_mpios VALUES ('CO', '68', '327', 'GUEPSA');
INSERT INTO tipo_mpios VALUES ('CO', '68', '344', 'HATO');
INSERT INTO tipo_mpios VALUES ('CO', '68', '368', 'JESUS MARIA');
INSERT INTO tipo_mpios VALUES ('CO', '68', '370', 'JORDAN');
INSERT INTO tipo_mpios VALUES ('CO', '68', '377', 'LA BELLEZA');
INSERT INTO tipo_mpios VALUES ('CO', '68', '385', 'LANDAZURI');
INSERT INTO tipo_mpios VALUES ('CO', '68', '397', 'LA PAZ');
INSERT INTO tipo_mpios VALUES ('CO', '68', '406', 'LEBRIJA');
INSERT INTO tipo_mpios VALUES ('CO', '68', '418', 'LOS SANTOS');
INSERT INTO tipo_mpios VALUES ('CO', '68', '425', 'MACARAVITA');
INSERT INTO tipo_mpios VALUES ('CO', '68', '432', 'MALAGA');
INSERT INTO tipo_mpios VALUES ('CO', '68', '444', 'MATANZA');
INSERT INTO tipo_mpios VALUES ('CO', '68', '464', 'MOGOTES');
INSERT INTO tipo_mpios VALUES ('CO', '68', '468', 'MOLAGAVITA');
INSERT INTO tipo_mpios VALUES ('CO', '68', '498', 'OCAMONTE');
INSERT INTO tipo_mpios VALUES ('CO', '68', '500', 'OIBA');
INSERT INTO tipo_mpios VALUES ('CO', '68', '502', 'ONZAGA');
INSERT INTO tipo_mpios VALUES ('CO', '68', '522', 'PALMAR');
INSERT INTO tipo_mpios VALUES ('CO', '68', '524', 'PALMAS DEL SOCORRO');
INSERT INTO tipo_mpios VALUES ('CO', '68', '533', 'PARAMO');
INSERT INTO tipo_mpios VALUES ('CO', '68', '547', 'PIEDECUESTA');
INSERT INTO tipo_mpios VALUES ('CO', '68', '549', 'PINCHOTE');
INSERT INTO tipo_mpios VALUES ('CO', '68', '572', 'PUENTE NACIONAL');
INSERT INTO tipo_mpios VALUES ('CO', '68', '573', 'PUERTO PARRA');
INSERT INTO tipo_mpios VALUES ('CO', '68', '575', 'PUERTO WILCHES');
INSERT INTO tipo_mpios VALUES ('CO', '68', '615', 'RIONEGRO');
INSERT INTO tipo_mpios VALUES ('CO', '68', '655', 'SABANA DE TORRES');
INSERT INTO tipo_mpios VALUES ('CO', '68', '669', 'SAN ANDRES');
INSERT INTO tipo_mpios VALUES ('CO', '68', '673', 'SAN BENITO');
INSERT INTO tipo_mpios VALUES ('CO', '68', '679', 'SAN GIL');
INSERT INTO tipo_mpios VALUES ('CO', '68', '682', 'SAN JOAQUIN');
INSERT INTO tipo_mpios VALUES ('CO', '68', '684', 'SAN JOSE DE MIRANDA');
INSERT INTO tipo_mpios VALUES ('CO', '68', '686', 'SAN MIGUEL');
INSERT INTO tipo_mpios VALUES ('CO', '68', '689', 'SAN VICENTE DE CHUCURI');
INSERT INTO tipo_mpios VALUES ('CO', '68', '705', 'SANTA BARBARA');
INSERT INTO tipo_mpios VALUES ('CO', '68', '720', 'SANTA HELENA DEL OPON');
INSERT INTO tipo_mpios VALUES ('CO', '68', '745', 'SIMACOTA');
INSERT INTO tipo_mpios VALUES ('CO', '68', '755', 'SOCORRO');
INSERT INTO tipo_mpios VALUES ('CO', '68', '770', 'SUAITA');
INSERT INTO tipo_mpios VALUES ('CO', '68', '773', 'SUCRE');
INSERT INTO tipo_mpios VALUES ('CO', '68', '780', 'SURATA');
INSERT INTO tipo_mpios VALUES ('CO', '68', '820', 'TONA');
INSERT INTO tipo_mpios VALUES ('CO', '68', '855', 'VALLE SAN JOSE');
INSERT INTO tipo_mpios VALUES ('CO', '68', '861', 'VELEZ');
INSERT INTO tipo_mpios VALUES ('CO', '68', '867', 'VETAS');
INSERT INTO tipo_mpios VALUES ('CO', '68', '872', 'VILLANUEVA');
INSERT INTO tipo_mpios VALUES ('CO', '68', '895', 'ZAPATOCA');
INSERT INTO tipo_mpios VALUES ('CO', '70', '001', 'SINCELEJO');
INSERT INTO tipo_mpios VALUES ('CO', '70', '110', 'BUENAVISTA');
INSERT INTO tipo_mpios VALUES ('CO', '70', '124', 'CAIMITO');
INSERT INTO tipo_mpios VALUES ('CO', '70', '204', 'COLOSO (RICAURTE)');
INSERT INTO tipo_mpios VALUES ('CO', '70', '215', 'COROZAL');
INSERT INTO tipo_mpios VALUES ('CO', '70', '230', 'CHALAN');
INSERT INTO tipo_mpios VALUES ('CO', '70', '235', 'GALERAS (NUEVA GRANADA)');
INSERT INTO tipo_mpios VALUES ('CO', '70', '265', 'GUARANDA');
INSERT INTO tipo_mpios VALUES ('CO', '70', '400', 'LA UNION');
INSERT INTO tipo_mpios VALUES ('CO', '70', '418', 'LOS PALMITOS');
INSERT INTO tipo_mpios VALUES ('CO', '70', '429', 'MAJAGUAL');
INSERT INTO tipo_mpios VALUES ('CO', '70', '473', 'MORROA');
INSERT INTO tipo_mpios VALUES ('CO', '70', '508', 'OVEJAS');
INSERT INTO tipo_mpios VALUES ('CO', '70', '523', 'PALMITO');
INSERT INTO tipo_mpios VALUES ('CO', '70', '670', 'SAMPUES');
INSERT INTO tipo_mpios VALUES ('CO', '70', '678', 'SAN BENITO ABAD');
INSERT INTO tipo_mpios VALUES ('CO', '70', '702', 'SAN JUAN DE BETULIA');
INSERT INTO tipo_mpios VALUES ('CO', '70', '708', 'SAN MARCOS');
INSERT INTO tipo_mpios VALUES ('CO', '70', '713', 'SAN ONOFRE');
INSERT INTO tipo_mpios VALUES ('CO', '70', '717', 'SAN PEDRO');
INSERT INTO tipo_mpios VALUES ('CO', '70', '742', 'SINCE');
INSERT INTO tipo_mpios VALUES ('CO', '70', '771', 'SUCRE');
INSERT INTO tipo_mpios VALUES ('CO', '70', '820', 'TOLU');
INSERT INTO tipo_mpios VALUES ('CO', '70', '823', 'TOLUVIEJO');
INSERT INTO tipo_mpios VALUES ('CO', '73', '001', 'IBAGUE');
INSERT INTO tipo_mpios VALUES ('CO', '73', '024', 'ALPUJARRA');
INSERT INTO tipo_mpios VALUES ('CO', '73', '026', 'ALVARADO');
INSERT INTO tipo_mpios VALUES ('CO', '73', '030', 'AMBALEMA');
INSERT INTO tipo_mpios VALUES ('CO', '73', '043', 'ANZOATEGUI');
INSERT INTO tipo_mpios VALUES ('CO', '73', '055', 'ARMERO (GUAYABAL)');
INSERT INTO tipo_mpios VALUES ('CO', '73', '067', 'ATACO');
INSERT INTO tipo_mpios VALUES ('CO', '73', '124', 'CAJAMARCA');
INSERT INTO tipo_mpios VALUES ('CO', '73', '148', 'CARMEN APICALA');
INSERT INTO tipo_mpios VALUES ('CO', '73', '152', 'CASABIANCA');
INSERT INTO tipo_mpios VALUES ('CO', '73', '168', 'CHAPARRAL');
INSERT INTO tipo_mpios VALUES ('CO', '73', '200', 'COELLO');
INSERT INTO tipo_mpios VALUES ('CO', '73', '217', 'COYAIMA');
INSERT INTO tipo_mpios VALUES ('CO', '73', '226', 'CUNDAY');
INSERT INTO tipo_mpios VALUES ('CO', '73', '236', 'DOLORES');
INSERT INTO tipo_mpios VALUES ('CO', '73', '268', 'ESPINAL');
INSERT INTO tipo_mpios VALUES ('CO', '73', '270', 'FALAN');
INSERT INTO tipo_mpios VALUES ('CO', '73', '275', 'FLANDES');
INSERT INTO tipo_mpios VALUES ('CO', '73', '283', 'FRESNO');
INSERT INTO tipo_mpios VALUES ('CO', '73', '319', 'GUAMO');
INSERT INTO tipo_mpios VALUES ('CO', '73', '347', 'HERVEO');
INSERT INTO tipo_mpios VALUES ('CO', '73', '349', 'HONDA');
INSERT INTO tipo_mpios VALUES ('CO', '73', '352', 'ICONONZO');
INSERT INTO tipo_mpios VALUES ('CO', '73', '408', 'LERIDA');
INSERT INTO tipo_mpios VALUES ('CO', '73', '411', 'LIBANO');
INSERT INTO tipo_mpios VALUES ('CO', '73', '443', 'MARIQUITA');
INSERT INTO tipo_mpios VALUES ('CO', '73', '449', 'MELGAR');
INSERT INTO tipo_mpios VALUES ('CO', '73', '461', 'MURILLO');
INSERT INTO tipo_mpios VALUES ('CO', '73', '483', 'NATAGAIMA');
INSERT INTO tipo_mpios VALUES ('CO', '73', '504', 'ORTEGA');
INSERT INTO tipo_mpios VALUES ('CO', '73', '520', 'PALOCABILDO');
INSERT INTO tipo_mpios VALUES ('CO', '73', '547', 'PIEDRAS');
INSERT INTO tipo_mpios VALUES ('CO', '73', '555', 'PLANADA');
INSERT INTO tipo_mpios VALUES ('CO', '73', '563', 'PRADO');
INSERT INTO tipo_mpios VALUES ('CO', '73', '585', 'PURIFICACION');
INSERT INTO tipo_mpios VALUES ('CO', '73', '616', 'RIOBLANCO');
INSERT INTO tipo_mpios VALUES ('CO', '73', '622', 'RONCESVALLES');
INSERT INTO tipo_mpios VALUES ('CO', '73', '624', 'ROVIRA');
INSERT INTO tipo_mpios VALUES ('CO', '73', '671', 'SALDAÑA');
INSERT INTO tipo_mpios VALUES ('CO', '73', '675', 'SAN ANTONIO');
INSERT INTO tipo_mpios VALUES ('CO', '73', '678', 'SAN LUIS');
INSERT INTO tipo_mpios VALUES ('CO', '73', '686', 'SANTA ISABEL');
INSERT INTO tipo_mpios VALUES ('CO', '73', '770', 'SUAREZ');
INSERT INTO tipo_mpios VALUES ('CO', '73', '854', 'VALLE DE SAN JUAN');
INSERT INTO tipo_mpios VALUES ('CO', '73', '861', 'VENADILLO');
INSERT INTO tipo_mpios VALUES ('CO', '73', '870', 'VILLAHERMOSA');
INSERT INTO tipo_mpios VALUES ('CO', '73', '873', 'VILLARRICA');
INSERT INTO tipo_mpios VALUES ('CO', '76', '020', 'ALCALA');
INSERT INTO tipo_mpios VALUES ('CO', '76', '036', 'ANDALUCIA');
INSERT INTO tipo_mpios VALUES ('CO', '76', '041', 'ANSERMANUEVO');
INSERT INTO tipo_mpios VALUES ('CO', '76', '054', 'ARGELIA');
INSERT INTO tipo_mpios VALUES ('CO', '76', '100', 'BOLIVAR');
INSERT INTO tipo_mpios VALUES ('CO', '76', '109', 'BUENAVENTURA');
INSERT INTO tipo_mpios VALUES ('CO', '76', '111', 'BUGA');
INSERT INTO tipo_mpios VALUES ('CO', '76', '113', 'BUGALAGRANDE');
INSERT INTO tipo_mpios VALUES ('CO', '76', '122', 'CAICEDONIA');
INSERT INTO tipo_mpios VALUES ('CO', '76', '126', 'CALIMA (DARIEN)');
INSERT INTO tipo_mpios VALUES ('CO', '76', '130', 'CANDELARIA');
INSERT INTO tipo_mpios VALUES ('CO', '76', '147', 'CARTAGO');
INSERT INTO tipo_mpios VALUES ('CO', '76', '233', 'DAGUA');
INSERT INTO tipo_mpios VALUES ('CO', '76', '243', 'EL AGUILA');
INSERT INTO tipo_mpios VALUES ('CO', '76', '246', 'EL CAIRO');
INSERT INTO tipo_mpios VALUES ('CO', '76', '248', 'EL CERRITO');
INSERT INTO tipo_mpios VALUES ('CO', '76', '250', 'EL DOVIO');
INSERT INTO tipo_mpios VALUES ('CO', '76', '275', 'FLORIDA');
INSERT INTO tipo_mpios VALUES ('CO', '76', '306', 'GINEBRA');
INSERT INTO tipo_mpios VALUES ('CO', '76', '318', 'GUACARI');
INSERT INTO tipo_mpios VALUES ('CO', '76', '364', 'JAMUNDI');
INSERT INTO tipo_mpios VALUES ('CO', '76', '377', 'LA CUMBRE');
INSERT INTO tipo_mpios VALUES ('CO', '76', '400', 'LA UNION');
INSERT INTO tipo_mpios VALUES ('CO', '76', '403', 'LA VICTORIA');
INSERT INTO tipo_mpios VALUES ('CO', '76', '497', 'OBANDO');
INSERT INTO tipo_mpios VALUES ('CO', '76', '520', 'PALMIRA');
INSERT INTO tipo_mpios VALUES ('CO', '76', '563', 'PRADERA');
INSERT INTO tipo_mpios VALUES ('CO', '76', '606', 'RESTREPO');
INSERT INTO tipo_mpios VALUES ('CO', '76', '616', 'RIOFRIO');
INSERT INTO tipo_mpios VALUES ('CO', '76', '622', 'ROLDANILLO');
INSERT INTO tipo_mpios VALUES ('CO', '76', '670', 'SAN PEDRO');
INSERT INTO tipo_mpios VALUES ('CO', '76', '736', 'SEVILLA');
INSERT INTO tipo_mpios VALUES ('CO', '76', '823', 'TORO');
INSERT INTO tipo_mpios VALUES ('CO', '76', '828', 'TRUJILLO');
INSERT INTO tipo_mpios VALUES ('CO', '76', '834', 'TULUA');
INSERT INTO tipo_mpios VALUES ('CO', '76', '845', 'ULLOA');
INSERT INTO tipo_mpios VALUES ('CO', '76', '863', 'VERSALLES');
INSERT INTO tipo_mpios VALUES ('CO', '76', '869', 'VIJES');
INSERT INTO tipo_mpios VALUES ('CO', '76', '890', 'YOTOCO');
INSERT INTO tipo_mpios VALUES ('CO', '76', '892', 'YUMBO');
INSERT INTO tipo_mpios VALUES ('CO', '76', '895', 'ZARZAL');
INSERT INTO tipo_mpios VALUES ('CO', '81', '001', 'ARAUCA');
INSERT INTO tipo_mpios VALUES ('CO', '81', '065', 'ARAUQUITA');
INSERT INTO tipo_mpios VALUES ('CO', '81', '220', 'CRAVO NORTE');
INSERT INTO tipo_mpios VALUES ('CO', '81', '300', 'FORTUL');
INSERT INTO tipo_mpios VALUES ('CO', '81', '591', 'PUERTO RONDON');
INSERT INTO tipo_mpios VALUES ('CO', '81', '736', 'SARAVENA');
INSERT INTO tipo_mpios VALUES ('CO', '81', '794', 'TAME');
INSERT INTO tipo_mpios VALUES ('CO', '85', '001', 'YOPAL');
INSERT INTO tipo_mpios VALUES ('CO', '85', '010', 'AGUAZUL');
INSERT INTO tipo_mpios VALUES ('CO', '85', '015', 'CHAMEZA');
INSERT INTO tipo_mpios VALUES ('CO', '85', '125', 'HATO COROZAL');
INSERT INTO tipo_mpios VALUES ('CO', '85', '136', 'LA SALINA');
INSERT INTO tipo_mpios VALUES ('CO', '85', '139', 'MANI');
INSERT INTO tipo_mpios VALUES ('CO', '85', '162', 'MONTERREY');
INSERT INTO tipo_mpios VALUES ('CO', '85', '225', 'NUNCHIA');
INSERT INTO tipo_mpios VALUES ('CO', '85', '230', 'OROCUE');
INSERT INTO tipo_mpios VALUES ('CO', '85', '250', 'PAZ DE ARIPORO');
INSERT INTO tipo_mpios VALUES ('CO', '85', '263', 'PORE');
INSERT INTO tipo_mpios VALUES ('CO', '85', '279', 'RECETOR');
INSERT INTO tipo_mpios VALUES ('CO', '85', '300', 'SABANALARGA');
INSERT INTO tipo_mpios VALUES ('CO', '85', '315', 'SACAMA');
INSERT INTO tipo_mpios VALUES ('CO', '85', '325', 'SAN LUIS DE PALENQUE');
INSERT INTO tipo_mpios VALUES ('CO', '85', '400', 'TAMARA');
INSERT INTO tipo_mpios VALUES ('CO', '85', '410', 'TAURAMENA');
INSERT INTO tipo_mpios VALUES ('CO', '85', '430', 'TRINIDAD');
INSERT INTO tipo_mpios VALUES ('CO', '85', '440', 'VILLANUEVA');
INSERT INTO tipo_mpios VALUES ('CO', '86', '001', 'MOCOA');
INSERT INTO tipo_mpios VALUES ('CO', '86', '219', 'COLON');
INSERT INTO tipo_mpios VALUES ('CO', '86', '320', 'ORITO');
INSERT INTO tipo_mpios VALUES ('CO', '86', '568', 'PUERTO A');
INSERT INTO tipo_mpios VALUES ('CO', '86', '569', 'PUERTO CAICEDO');
INSERT INTO tipo_mpios VALUES ('CO', '86', '571', 'PUERTO GUZMAN');
INSERT INTO tipo_mpios VALUES ('CO', '86', '573', 'PUERTO LEGUIZAMO');
INSERT INTO tipo_mpios VALUES ('CO', '86', '749', 'SIBUNDOY');
INSERT INTO tipo_mpios VALUES ('CO', '86', '755', 'SAN FRANCISCO');
INSERT INTO tipo_mpios VALUES ('CO', '86', '757', 'SAN MIGUEL (LA DORADA)');
INSERT INTO tipo_mpios VALUES ('CO', '86', '760', 'SANTIAGO');
INSERT INTO tipo_mpios VALUES ('CO', '86', '865', 'LA HORMIGA');
INSERT INTO tipo_mpios VALUES ('CO', '86', '885', 'VILLAGARZON');
INSERT INTO tipo_mpios VALUES ('CO', '88', '001', 'SAN ANDRES');
INSERT INTO tipo_mpios VALUES ('CO', '88', '564', 'PROVIDENCIA');
INSERT INTO tipo_mpios VALUES ('CO', '91', '001', 'LETICIA');
INSERT INTO tipo_mpios VALUES ('CO', '91', '263', 'EL ENCANTO');
INSERT INTO tipo_mpios VALUES ('CO', '91', '405', 'LA CHORRERA');
INSERT INTO tipo_mpios VALUES ('CO', '91', '407', 'LA PEDRERA');
INSERT INTO tipo_mpios VALUES ('CO', '91', '430', 'LA VICTORIA');
INSERT INTO tipo_mpios VALUES ('CO', '91', '460', 'MIRITI-PARANA');
INSERT INTO tipo_mpios VALUES ('CO', '91', '530', 'PUERTO ALEGRIA');
INSERT INTO tipo_mpios VALUES ('CO', '91', '536', 'PUERTO ARICA');
INSERT INTO tipo_mpios VALUES ('CO', '91', '540', 'PUERTO NARIÑO');
INSERT INTO tipo_mpios VALUES ('CO', '91', '669', 'PUERTO SANTANDER');
INSERT INTO tipo_mpios VALUES ('CO', '91', '798', 'TARAPACA');
INSERT INTO tipo_mpios VALUES ('CO', '94', '001', 'PUERTO INIRIDA');
INSERT INTO tipo_mpios VALUES ('CO', '94', '343', 'BARRANCO MINAS');
INSERT INTO tipo_mpios VALUES ('CO', '94', '883', 'SAN FELIPE');
INSERT INTO tipo_mpios VALUES ('CO', '94', '884', 'PUERTO COLOMBIA');
INSERT INTO tipo_mpios VALUES ('CO', '94', '885', 'LA GUADALUPE');
INSERT INTO tipo_mpios VALUES ('CO', '94', '886', 'CACAHUAL');
INSERT INTO tipo_mpios VALUES ('CO', '94', '887', 'PANA PANA (CAMPO ALEGRE)');
INSERT INTO tipo_mpios VALUES ('CO', '94', '888', 'MORICHAL (MORICHAL NUEVO)');
INSERT INTO tipo_mpios VALUES ('CO', '95', '001', 'SAN JOSE DEL GUAVIARE');
INSERT INTO tipo_mpios VALUES ('CO', '95', '015', 'CALAMAR');
INSERT INTO tipo_mpios VALUES ('CO', '95', '025', 'EL RETORNO');
INSERT INTO tipo_mpios VALUES ('CO', '95', '200', 'MIRAFLORES');
INSERT INTO tipo_mpios VALUES ('CO', '97', '001', 'MITU');
INSERT INTO tipo_mpios VALUES ('CO', '97', '161', 'CARURU');
INSERT INTO tipo_mpios VALUES ('CO', '97', '511', 'PACOA');
INSERT INTO tipo_mpios VALUES ('CO', '97', '666', 'TARAIRA');
INSERT INTO tipo_mpios VALUES ('CO', '97', '777', 'PAPUNAUA (MORICHAL)');
INSERT INTO tipo_mpios VALUES ('CO', '97', '889', 'YAVARATE');
INSERT INTO tipo_mpios VALUES ('CO', '99', '001', 'PUERTO CARREÑO');
INSERT INTO tipo_mpios VALUES ('CO', '99', '524', 'LA PRIMAVERA');
INSERT INTO tipo_mpios VALUES ('CO', '99', '572', 'SANTA RITA');
INSERT INTO tipo_mpios VALUES ('CO', '99', '666', 'SANTA ROSALIA');
INSERT INTO tipo_mpios VALUES ('CO', '99', '760', 'SAN JOSE DE OCUNE');
INSERT INTO tipo_mpios VALUES ('CO', '99', '773', 'CUMARIBO');
INSERT INTO tipo_mpios VALUES ('CO', '05', '138', 'CAÑASGORDAS');
INSERT INTO tipo_mpios VALUES ('CO', '76', '001', 'CALI');

--insert tipo_pais

INSERT INTO tipo_pais VALUES ('AF', '0', 'AFGANISTÁN');
INSERT INTO tipo_pais VALUES ('AG', '0', 'ANTIGUA Y BARBUDA');
INSERT INTO tipo_pais VALUES ('AI', '0', 'ANGUILA (CARIBE)');
INSERT INTO tipo_pais VALUES ('AL', '0', 'ALBANIA');
INSERT INTO tipo_pais VALUES ('AM', '0', 'ARMENIA');
INSERT INTO tipo_pais VALUES ('AN', '0', 'ANTILLAS HOLANDESAS');
INSERT INTO tipo_pais VALUES ('AO', '0', 'ANGOLA');
INSERT INTO tipo_pais VALUES ('AQ', '0', 'ANTÁRTIDA');
INSERT INTO tipo_pais VALUES ('AR', '0', 'ARGENTINA');
INSERT INTO tipo_pais VALUES ('AS', '0', 'SAMOA AMERICANA');
INSERT INTO tipo_pais VALUES ('AT', '0', 'AUSTRIA');
INSERT INTO tipo_pais VALUES ('AU', '0', 'AUSTRALIA');
INSERT INTO tipo_pais VALUES ('AW', '0', 'ARUBA');
INSERT INTO tipo_pais VALUES ('AZ', '0', 'AZERBAIJAN');
INSERT INTO tipo_pais VALUES ('BA', '0', 'BOSNIA-HERZEGOVINA');
INSERT INTO tipo_pais VALUES ('BB', '0', 'BARBADOS');
INSERT INTO tipo_pais VALUES ('BD', '0', 'BANGLADESH');
INSERT INTO tipo_pais VALUES ('BE', '0', 'BÉLGICA');
INSERT INTO tipo_pais VALUES ('BF', '0', 'BURKINA FASO');
INSERT INTO tipo_pais VALUES ('BG', '0', 'BULGARIA');
INSERT INTO tipo_pais VALUES ('BH', '0', 'BAHRAIN (BAHREIN)');
INSERT INTO tipo_pais VALUES ('BI', '0', 'BURUNDI');
INSERT INTO tipo_pais VALUES ('BM', '0', 'BERMUDAS, ISLAS');
INSERT INTO tipo_pais VALUES ('BN', '0', 'BRUNEI DARUSSALAM (BRUNEI)');
INSERT INTO tipo_pais VALUES ('BO', '0', 'BOLIVIA');
INSERT INTO tipo_pais VALUES ('BR', '0', 'BRASIL');
INSERT INTO tipo_pais VALUES ('BS', '0', 'BAHAMAS');
INSERT INTO tipo_pais VALUES ('BT', '0', 'BUTÁN');
INSERT INTO tipo_pais VALUES ('BV', '0', 'BOUVET, ISLA');
INSERT INTO tipo_pais VALUES ('BW', '0', 'BOTSWANA');
INSERT INTO tipo_pais VALUES ('BY', '0', 'BIELORRUSIA');
INSERT INTO tipo_pais VALUES ('BZ', '0', 'BÉLICE');
INSERT INTO tipo_pais VALUES ('CA', '0', 'CANADÁ');
INSERT INTO tipo_pais VALUES ('CC', '0', 'COCOS, ISLAS');
INSERT INTO tipo_pais VALUES ('CF', '0', 'REPÚBLICA CENTROAFRICANA');
INSERT INTO tipo_pais VALUES ('CG', '0', 'CONGO');
INSERT INTO tipo_pais VALUES ('CI', '0', 'COSTA DE MARFIL');
INSERT INTO tipo_pais VALUES ('CK', '0', 'COOK, ISLAS');
INSERT INTO tipo_pais VALUES ('CL', '0', 'CHILE');
INSERT INTO tipo_pais VALUES ('CM', '0', 'CAMERÚN');
INSERT INTO tipo_pais VALUES ('CN', '0', 'CHINA');
INSERT INTO tipo_pais VALUES ('CR', '0', 'COSTA RICA');
INSERT INTO tipo_pais VALUES ('CS', '0', 'ANTIGUA CHECOSLOVAQUIA');
INSERT INTO tipo_pais VALUES ('CU', '0', 'CUBA');
INSERT INTO tipo_pais VALUES ('CV', '0', 'CABO VERDE');
INSERT INTO tipo_pais VALUES ('CX', '0', 'NAVIDAD, ISLA (KIRIBATI)');
INSERT INTO tipo_pais VALUES ('CY', '0', 'CHIPRE (CYPRUS)');
INSERT INTO tipo_pais VALUES ('CZ', '0', 'REPÚBLICA CHECA (CZECH REPUBLIC)');
INSERT INTO tipo_pais VALUES ('CH', '0', 'SUIZA');
INSERT INTO tipo_pais VALUES ('DE', '0', 'ALEMANIA');
INSERT INTO tipo_pais VALUES ('DJ', '0', 'DJIBOUTI');
INSERT INTO tipo_pais VALUES ('DK', '0', 'DINAMARCA (DENMARK)');
INSERT INTO tipo_pais VALUES ('DM', '0', 'DOMINICA');
INSERT INTO tipo_pais VALUES ('DO', '0', 'REPÚBLICA DOMINICANA');
INSERT INTO tipo_pais VALUES ('DZ', '0', 'ARGELIA');
INSERT INTO tipo_pais VALUES ('EC', '0', 'ECUADOR');
INSERT INTO tipo_pais VALUES ('EE', '0', 'ESTONIA');
INSERT INTO tipo_pais VALUES ('EG', '0', 'EGIPTO');
INSERT INTO tipo_pais VALUES ('EH', '0', 'SAHARA OCCIDENTAL');
INSERT INTO tipo_pais VALUES ('ER', '0', 'ERITREA');
INSERT INTO tipo_pais VALUES ('ES', '0', 'ESPAÑA');
INSERT INTO tipo_pais VALUES ('ET', '0', 'ETIOPÍA');
INSERT INTO tipo_pais VALUES ('FI', '0', 'FINLANDIA');
INSERT INTO tipo_pais VALUES ('FJ', '0', 'FIJI');
INSERT INTO tipo_pais VALUES ('FK', '0', 'MALVINAS, ISLAS');
INSERT INTO tipo_pais VALUES ('FM', '0', 'MICRONESIA');
INSERT INTO tipo_pais VALUES ('FO', '0', 'FEROE, ISLAS');
INSERT INTO tipo_pais VALUES ('FR', '0', 'FRANCIA');
INSERT INTO tipo_pais VALUES ('FX', '0', 'FRANCIA-ÁREA METROPOLITANA');
INSERT INTO tipo_pais VALUES ('GA', '0', 'GABÓN');
INSERT INTO tipo_pais VALUES ('GB', '0', 'GRAN BRETAÑA (REINO UNIDO)');
INSERT INTO tipo_pais VALUES ('GD', '0', 'GRANADA (GRENADA) (CARIBE)');
INSERT INTO tipo_pais VALUES ('GE', '0', 'GEORGIA (EX-URSS)');
INSERT INTO tipo_pais VALUES ('GF', '0', 'GUAYANA FRANCESA');
INSERT INTO tipo_pais VALUES ('GH', '0', 'GHANA');
INSERT INTO tipo_pais VALUES ('GI', '0', 'GIBRALTAR');
INSERT INTO tipo_pais VALUES ('GL', '0', 'GROENLANDIA');
INSERT INTO tipo_pais VALUES ('GM', '0', 'GAMBIA');
INSERT INTO tipo_pais VALUES ('GN', '0', 'GUINEA');
INSERT INTO tipo_pais VALUES ('GP', '0', 'GUADALUPE, ISLA');
INSERT INTO tipo_pais VALUES ('GQ', '0', 'GUINEA ECUATORIAL');
INSERT INTO tipo_pais VALUES ('GR', '0', 'GRECIA');
INSERT INTO tipo_pais VALUES ('GS', '0', 'GEORGIAS Y SANDWICH DEL SUR,');
INSERT INTO tipo_pais VALUES ('GT', '0', 'GUATEMALA');
INSERT INTO tipo_pais VALUES ('GU', '0', 'GUAM');
INSERT INTO tipo_pais VALUES ('GW', '0', 'GUINEA-BISSAU');
INSERT INTO tipo_pais VALUES ('GY', '0', 'GUYANA');
INSERT INTO tipo_pais VALUES ('HK', '0', 'HONG KONG');
INSERT INTO tipo_pais VALUES ('HM', '0', 'HEARD Y MCDONALD, ISLAS DE (ANTÁRTIDA)');
INSERT INTO tipo_pais VALUES ('HN', '0', 'HONDURAS');
INSERT INTO tipo_pais VALUES ('HR', '0', 'CROACIA (HRVATSKA)');
INSERT INTO tipo_pais VALUES ('HT', '0', 'HAITÍ');
INSERT INTO tipo_pais VALUES ('HU', '0', 'HUNGRÍA');
INSERT INTO tipo_pais VALUES ('ID', '0', 'INDONESIA');
INSERT INTO tipo_pais VALUES ('IE', '0', 'IRLANDA');
INSERT INTO tipo_pais VALUES ('IL', '0', 'ISRAEL');
INSERT INTO tipo_pais VALUES ('IN', '0', 'INDIA');
INSERT INTO tipo_pais VALUES ('IO', '0', 'TERRITORIOS BRITÁNICOS OCÉANO ÍNDICO');
INSERT INTO tipo_pais VALUES ('IQ', '0', 'IRAK (IRAQ)');
INSERT INTO tipo_pais VALUES ('IR', '0', 'IRÁN');
INSERT INTO tipo_pais VALUES ('IS', '0', 'ISLANDIA');
INSERT INTO tipo_pais VALUES ('IT', '0', 'ITALIA');
INSERT INTO tipo_pais VALUES ('JM', '0', 'JAMAICA');
INSERT INTO tipo_pais VALUES ('JO', '0', 'JORDANIA');
INSERT INTO tipo_pais VALUES ('JP', '0', 'JAPÓN');
INSERT INTO tipo_pais VALUES ('KE', '0', 'KENIA');
INSERT INTO tipo_pais VALUES ('KG', '0', 'KIRGUISTÁN');
INSERT INTO tipo_pais VALUES ('KH', '0', 'CAMBOYA');
INSERT INTO tipo_pais VALUES ('KI', '0', 'KIRIBATI');
INSERT INTO tipo_pais VALUES ('KM', '0', 'COMORES, ISLAS');
INSERT INTO tipo_pais VALUES ('KN', '0', 'SAINT KITTS Y NEVIS, ISLAS');
INSERT INTO tipo_pais VALUES ('KP', '0', 'COREA DEL NORTE (KOREA (NORTH))');
INSERT INTO tipo_pais VALUES ('KR', '0', 'COREA DEL SUR (KOREA (SOUTH))');
INSERT INTO tipo_pais VALUES ('KW', '0', 'KUWAIT');
INSERT INTO tipo_pais VALUES ('KY', '0', 'CAIMÁN, ISLAS');
INSERT INTO tipo_pais VALUES ('KZ', '0', 'KAZAJSTÁN');
INSERT INTO tipo_pais VALUES ('LA', '0', 'LAOS');
INSERT INTO tipo_pais VALUES ('LB', '0', 'LÍBANO');
INSERT INTO tipo_pais VALUES ('LC', '0', 'SANTA LUCÍA, ISLA DE (CARIBE)');
INSERT INTO tipo_pais VALUES ('LI', '0', 'LIECHTENSTEIN');
INSERT INTO tipo_pais VALUES ('LK', '0', 'SRI LANKA (EX CEYLÁN)');
INSERT INTO tipo_pais VALUES ('LR', '0', 'LIBERIA');
INSERT INTO tipo_pais VALUES ('LS', '0', 'LESOTHO');
INSERT INTO tipo_pais VALUES ('LT', '0', 'LITUANIA');
INSERT INTO tipo_pais VALUES ('LU', '0', 'LUXEMBURGO');
INSERT INTO tipo_pais VALUES ('LV', '0', 'LATVIA');
INSERT INTO tipo_pais VALUES ('LY', '0', 'LIBIA');
INSERT INTO tipo_pais VALUES ('MA', '0', 'MARRUECOS');
INSERT INTO tipo_pais VALUES ('MC', '0', 'MÓNACO');
INSERT INTO tipo_pais VALUES ('MD', '0', 'MOLDAVIA');
INSERT INTO tipo_pais VALUES ('MG', '0', 'MADAGASCAR');
INSERT INTO tipo_pais VALUES ('MH', '0', 'MARSHALL, ISLAS');
INSERT INTO tipo_pais VALUES ('MK', '0', 'MACEDONIA');
INSERT INTO tipo_pais VALUES ('ML', '0', 'MALÍ');
INSERT INTO tipo_pais VALUES ('MM', '0', 'MYANMAR (EX-BIRMANIA)');
INSERT INTO tipo_pais VALUES ('MN', '0', 'MONGOLIA');
INSERT INTO tipo_pais VALUES ('MO', '0', 'MACAO, ISLA');
INSERT INTO tipo_pais VALUES ('MP', '0', 'MARIANA DEL NORTE, ISLAS');
INSERT INTO tipo_pais VALUES ('MQ', '0', 'MARTINICA (MARTINIQUE)');
INSERT INTO tipo_pais VALUES ('MR', '0', 'MAURITANIA');
INSERT INTO tipo_pais VALUES ('MS', '0', 'MONTSERRAT');
INSERT INTO tipo_pais VALUES ('MT', '0', 'MALTA');
INSERT INTO tipo_pais VALUES ('MU', '0', 'MAURICIO, ISLAS');
INSERT INTO tipo_pais VALUES ('MV', '0', 'MALDIVAS, ISLAS');
INSERT INTO tipo_pais VALUES ('MW', '0', 'MALAWI');
INSERT INTO tipo_pais VALUES ('MX', '0', 'MÉXICO');
INSERT INTO tipo_pais VALUES ('MY', '0', 'MALASIA (MALAYSIA)');
INSERT INTO tipo_pais VALUES ('MZ', '0', 'MOZAMBIQUE');
INSERT INTO tipo_pais VALUES ('NA', '0', 'NAMIBIA');
INSERT INTO tipo_pais VALUES ('NC', '0', 'NUEVA CALEDONIA');
INSERT INTO tipo_pais VALUES ('NE', '0', 'NÍGER');
INSERT INTO tipo_pais VALUES ('NF', '0', 'NORFOLK, ISLA');
INSERT INTO tipo_pais VALUES ('NG', '0', 'NIGERIA');
INSERT INTO tipo_pais VALUES ('NI', '0', 'NICARAGUA');
INSERT INTO tipo_pais VALUES ('NL', '0', 'HOLANDA (NETHERLANDS)');
INSERT INTO tipo_pais VALUES ('NO', '0', 'NORUEGA');
INSERT INTO tipo_pais VALUES ('NP', '0', 'NEPAL');
INSERT INTO tipo_pais VALUES ('NR', '0', 'NAURU, ISLA');
INSERT INTO tipo_pais VALUES ('NT', '0', 'ZONA NEUTRAL DE OCEANÍA');
INSERT INTO tipo_pais VALUES ('NU', '0', 'NIUE, ISLA DE (OCEANÍA)');
INSERT INTO tipo_pais VALUES ('NZ', '0', 'NUEVA ZELANDA');
INSERT INTO tipo_pais VALUES ('OM', '0', 'OMÁN');
INSERT INTO tipo_pais VALUES ('PA', '0', 'PANAMÁ');
INSERT INTO tipo_pais VALUES ('PE', '0', 'PERÚ');
INSERT INTO tipo_pais VALUES ('PF', '0', 'POLINESIA FRANCESA');
INSERT INTO tipo_pais VALUES ('PG', '0', 'PAPÚA NUEVA GUINEA');
INSERT INTO tipo_pais VALUES ('PH', '0', 'FILIPINAS (PHILIPPINES)');
INSERT INTO tipo_pais VALUES ('PK', '0', 'PAKISTÁN');
INSERT INTO tipo_pais VALUES ('PL', '0', 'POLONIA');
INSERT INTO tipo_pais VALUES ('PM', '0', 'SAN PEDRO Y MIQUELÓN, ISLAS');
INSERT INTO tipo_pais VALUES ('PN', '0', 'PITCAIRN, ISLAS (OCEANÍA, POLINESIA)');
INSERT INTO tipo_pais VALUES ('PR', '0', 'PUERTO RICO');
INSERT INTO tipo_pais VALUES ('PT', '0', 'PORTUGAL');
INSERT INTO tipo_pais VALUES ('PW', '0', 'PALAU, ISLAS (POLINESIA)');
INSERT INTO tipo_pais VALUES ('PY', '0', 'PARAGUAY');
INSERT INTO tipo_pais VALUES ('QA', '0', 'QATAR');
INSERT INTO tipo_pais VALUES ('RE', '0', 'REUNIÓN, ISLA (ÁFRICA)');
INSERT INTO tipo_pais VALUES ('RO', '0', 'RUMANIA (ROMANIA)');
INSERT INTO tipo_pais VALUES ('RU', '0', 'FEDERACIÓN RUSA');
INSERT INTO tipo_pais VALUES ('RW', '0', 'RUANDA (RWANDA)');
INSERT INTO tipo_pais VALUES ('SA', '0', 'ARABIA SAUDITA (SAUDI ARABIA)');
INSERT INTO tipo_pais VALUES ('Sb', '0', 'SALOMÓN, ISLAS');
INSERT INTO tipo_pais VALUES ('SC', '0', 'SEYCHELLES, ISLAS');
INSERT INTO tipo_pais VALUES ('SD', '0', 'SUDÁN');
INSERT INTO tipo_pais VALUES ('SE', '0', 'SUECIA');
INSERT INTO tipo_pais VALUES ('SG', '0', 'SINGAPUR');
INSERT INTO tipo_pais VALUES ('SH', '0', 'SANTA HELENA, ISLA DE');
INSERT INTO tipo_pais VALUES ('SI', '0', 'ESLOVENIA');
INSERT INTO tipo_pais VALUES ('SJ', '0', 'SVALBARD Y JAN MAYEN, ISLAS');
INSERT INTO tipo_pais VALUES ('SK', '0', 'REPÚBLICA ESLOVACA (SLOVAK REPUBLIC)');
INSERT INTO tipo_pais VALUES ('SL', '0', 'SIERRA LEONA');
INSERT INTO tipo_pais VALUES ('SM', '0', 'SAN MARINO');
INSERT INTO tipo_pais VALUES ('SN', '0', 'SENEGAL');
INSERT INTO tipo_pais VALUES ('SO', '0', 'SOMALÍA');
INSERT INTO tipo_pais VALUES ('SR', '0', 'SURINAM (GUAYANAS)');
INSERT INTO tipo_pais VALUES ('ST', '0', 'SANTO TOMÉ Y PRÍNCIPE, ISLAS DE');
INSERT INTO tipo_pais VALUES ('SU', '0', 'EX-UNIÓN SOVIÉTICA (USSR (FORMER))');
INSERT INTO tipo_pais VALUES ('SV', '0', 'EL SALVADOR');
INSERT INTO tipo_pais VALUES ('SY', '0', 'SIRIA (SYRIA)');
INSERT INTO tipo_pais VALUES ('SZ', '0', 'SUAZILANDIA (ÁFRICA)');
INSERT INTO tipo_pais VALUES ('TC', '0', 'TURKS Y CAICOS, ISLAS DE (BAHAMAS)');
INSERT INTO tipo_pais VALUES ('TD', '0', 'CHAD');
INSERT INTO tipo_pais VALUES ('TF', '0', 'TERRITORIOS FRANCESES DEL SUR');
INSERT INTO tipo_pais VALUES ('TG', '0', 'TOGO');
INSERT INTO tipo_pais VALUES ('TH', '0', 'TAILANDIA');
INSERT INTO tipo_pais VALUES ('TJ', '0', 'TADJIKISTAN');
INSERT INTO tipo_pais VALUES ('TK', '0', 'TOKELAU, ISLAS (OCEANÍA)');
INSERT INTO tipo_pais VALUES ('TM', '0', 'TURKMENISTÁN');
INSERT INTO tipo_pais VALUES ('TN', '0', 'TÚNEZ');
INSERT INTO tipo_pais VALUES ('TO', '0', 'TONGA');
INSERT INTO tipo_pais VALUES ('TP', '0', 'TIMOR ORIENTAL');
INSERT INTO tipo_pais VALUES ('TR', '0', 'TURQUÍA');
INSERT INTO tipo_pais VALUES ('TT', '0', 'TRINIDAD Y TOBAGO');
INSERT INTO tipo_pais VALUES ('TV', '0', 'TUVALU, ISLAS');
INSERT INTO tipo_pais VALUES ('TW', '0', 'TAIWÁN');
INSERT INTO tipo_pais VALUES ('TZ', '0', 'TANZANIA');
INSERT INTO tipo_pais VALUES ('UA', '0', 'UCRANIA');
INSERT INTO tipo_pais VALUES ('UG', '0', 'UGANDA');
INSERT INTO tipo_pais VALUES ('UK', '0', 'REINO UNIDO (UNITED KINGDOM)');
INSERT INTO tipo_pais VALUES ('UM', '0', 'ISLAS MENORES DE ULTRAMAR DE USA');
INSERT INTO tipo_pais VALUES ('US', '0', 'ESTADOS UNIDOS');
INSERT INTO tipo_pais VALUES ('UY', '0', 'URUGUAY');
INSERT INTO tipo_pais VALUES ('UZ', '0', 'VATICANO, CIUDAD DEL');
INSERT INTO tipo_pais VALUES ('VC', '0', 'SAN VICENTE Y GRANADINAS, ISLAS (CARIBE)');
INSERT INTO tipo_pais VALUES ('VE', '0', 'VENEZUELA');
INSERT INTO tipo_pais VALUES ('VG', '0', 'VÍRGENES BRITÁNICAS, ISLAS');
INSERT INTO tipo_pais VALUES ('VI', '0', 'VÍRGENES ESTADOUNIDENSES, ISLAS');
INSERT INTO tipo_pais VALUES ('VN', '0', 'VIETNAM');
INSERT INTO tipo_pais VALUES ('VU', '0', 'VANUATU, ISLAS (OCEANÍA)');
INSERT INTO tipo_pais VALUES ('WF', '0', 'WALLIS Y FUTUNA, ISLAS (OCEANÍA)');
INSERT INTO tipo_pais VALUES ('WS', '0', 'SAMOA');
INSERT INTO tipo_pais VALUES ('YE', '0', 'YEMEN');
INSERT INTO tipo_pais VALUES ('YT', '0', 'MAYOTTE');
INSERT INTO tipo_pais VALUES ('YU', '0', 'YUGOSLAVIA');
INSERT INTO tipo_pais VALUES ('ZA', '0', 'SUDÁFRICA');
INSERT INTO tipo_pais VALUES ('ZM', '0', 'ZAMBIA');
INSERT INTO tipo_pais VALUES ('ZR', '0', 'ZAIRE');
INSERT INTO tipo_pais VALUES ('ZW', '0', 'ZIMBABWE');
INSERT INTO tipo_pais VALUES ('AE', '0', 'EMIRATOS ÁRABES UNIDOS');
INSERT INTO tipo_pais VALUES ('CO', '1', 'COLOMBIA');
